{
    "isFilterCardClicked": true,
    "currentSelectedFilter": {
      "filterName": "hireDate",
      "queryParam": "hireDate",
      "uxLabel": "Hire Date",
      "uxDescription": "The user's hire date.",
      "category": "Users",
      "dataType": "DateTime",
      "allowedOperators": [
        {
          "name": "Equals",
          "uxLabel": "Equals"
        },
        {
          "name": "NotEqual",
          "uxLabel": "Not Equal"
        },
        {
          "name": "GreaterThan",
          "uxLabel": "Greater Than"
        },
        {
          "name": "LessThan",
          "uxLabel": "Less Than"
        },
        {
          "name": "Between",
          "uxLabel": "Between"
        }
      ],
      "filterType": "freetext",
      "domainValues": [],
      "values": []
    },
    "isNewFilterAdding": true,
    "updatedFilters": [
      {
        "filterName": "isDeleted",
        "queryParam": "isDeleted",
        "uxLabel": "Is Deleted",
        "uxDescription": "Is the user deleted.",
        "category": "Users",
        "dataType": "Boolean",
        "allowedOperators": [
          {
            "name": "Equals",
            "uxLabel": "Equals",
            "label": "Equals",
            "value": "Equals"
          }
        ],
        "filterType": "domainOfValues",
        "filterPicklistQuery": "",
        "domainValues": [],
        "operation": "Equals",
        "values": [
          "false"
        ],
        "label": "Is Deleted"
      }
    ]
  }