[
    {
        "id": "84a5c9a8-5ba2-4e06-8914-c24a18a8236c",
        "reportName": "user",
        "systemReportName": "User Report",
        "description": "User report",
        "domain": "User",
        "ownerUserName": "System",
        "ownerUserId": "System",
        "lastViewed": "2024-08-08T06:45:24.933635Z",
        "reportType": "Custom"
    },
    {
        "id": "6122c992-4320-4593-8576-a6d6baa0db5b",
        "reportName": "Learning report",
        "systemReportName": "Learning Report",
        "description": "Learning report",
        "domain": "Learning",
        "ownerUserName": "System",
        "ownerUserId": "System",
        "lastViewed": "2024-08-08T06:41:10.331811Z",
        "reportType": "Custom"
    },
    {
        "id": "719adf13-711a-4a55-85c0-e8dc4a8c0a39",
        "reportName": "Library Inventory",
        "systemReportName": "Library Inventory Report",
        "description": "Description fo the report goes here, and it may span multiple lines",
        "domain": "Library",
        "ownerUserName": "System",
        "ownerUserId": "System",
        "reportType": "Custom"
    }
]