{
  "data": [
    {
      "USEREMAIL": "kennydong@seismic.com",
      "NAME": "Kenny Dong",
      "USERID": "68a94219-fada-41ab-8c43-a4f7b4605972",
      "USERNAME": "Kenny Dong",
      "ISDELETED": "False",
      "LICENSETYPE": "premium",
      "TOTALACTIONS": "16",
      "LIVESENDCOUNT": "0",
      "VIEWCOUNT": "0",
      "DOWNLOADCOUNT": "0"
    },
    {
      "USEREMAIL": "ksifontes@seismic.com",
      "NAME": "Katherine Sifontes",
      "USERID": "013a9918-6c6a-478d-bf8b-058e61e14da8",
      "USERNAME": "Katherine Sifontes",
      "ISDELETED": "False",
      "LICENSETYPE": "premium",
      "TOTALACTIONS": "8",
      "LIVESENDCOUNT": "0",
      "VIEWCOUNT": "0",
      "DOWNLOADCOUNT": "0"
    },
    {
      "USEREMAIL": "liamxi@seismic.com",
      "NAME": "Liam Xi",
      "USERID": "afed812c-034c-4ab6-829d-b630b2b9e781",
      "USERNAME": "Liam Xi",
      "ISDELETED": "False",
      "LICENSETYPE": "premium",
      "TOTALACTIONS": "8",
      "LIVESENDCOUNT": "0",
      "VIEWCOUNT": "0",
      "DOWNLOADCOUNT": "0"
    }
  ],
  "pagination": {
    "skip": 0,
    "take": 100,
    "totalRecords": 201
  }
}
