[
    {
        "name": "contentProfilename",
        "dataType": "Text",
        "isDefault": true,
        "uxLabel": "Content profile name",
        "uxDescription": "The name of the profile."
    },
    {
        "name": "isPublished",
        "dataType": "Boolean",
        "isDefault": true,
        "uxLabel": "Is content profile published?",
        "uxDescription": "A boolean indicating if the profile is published."
    },
    {
        "name": "teamsiteName",
        "dataType": "Text",
        "isDefault": true,
        "uxLabel": "Teamsite name",
        "uxDescription": "The name of the teamsite."
    },
    {
        "name": "totalLibraryContents",
        "dataType": "Integer",
        "isDefault": true,
        "uxLabel": "Total library contents",
        "uxDescription": "The total number of library contents.",
        "hasGenericFilter": true
    },
    {
        "name": "contentViews",
        "dataType": "Integer",
        "isDefault": true,
        "uxLabel": "Content views",
        "uxDescription": "The total number of library content views.",
        "hasGenericFilter": true
    },
    {
        "name": "totalActivity",
        "dataType": "Integer",
        "isDefault": true,
        "uxLabel": "Total activity",
        "uxDescription": "The total number of user actions taken.",
        "hasGenericFilter": true
    },
    {
        "name": "numberOfUsers",
        "dataType": "Integer",
        "isDefault": true,
        "uxLabel": "Number of users",
        "uxDescription": "The total number of Seismic users who had interactions with this content.",
        "hasGenericFilter": true
    }
]