[
  {
    "filterName": "hireDate",
    "queryParam": "hireDate",
    "uxLabel": "Hire Date",
    "uxDescription": "The user's hire date.",
    "category": "Users",
    "dataType": "DateTime",
    "allowedOperators": [
      {
        "name": "Equals",
        "uxLabel": "Equals"
      },
      {
        "name": "NotEqual",
        "uxLabel": "Not Equal"
      },
      {
        "name": "GreaterThan",
        "uxLabel": "Greater Than"
      },
      {
        "name": "LessThan",
        "uxLabel": "Less Than"
      },
      {
        "name": "Between",
        "uxLabel": "Between"
      }
    ],
    "filterType": "freetext",
    "domainValues": []
  },
  {
    "filterName": "isDeleted",
    "queryParam": "isDeleted",
    "uxLabel": "Is Deleted",
    "uxDescription": "Is the user deleted.",
    "category": "Users",
    "dataType": "Boolean",
    "allowedOperators": [
      {
        "name": "Equals",
        "uxLabel": "Equals"
      }
    ],
    "filterType": "domainOfValues",
    "filterPicklistQuery": "",
    "domainValues": []
  },
  {
    "filterName": "LivesendRecipientHoursFilter",
    "queryParam": "LivesendRecipientHours",
    "uxLabel": "Livesend Recipient Hours",
    "uxDescription": "This allows you to filter users based on livesend recipient hours.",
    "category": "activity",
    "dataType": "Integer",
    "allowedOperators": [
      {
        "name": "Equals",
        "uxLabel": "Equals"
      },
      {
        "name": "NotEquals",
        "uxLabel": "Not Equals"
      },
      {
        "name": "GreaterThan",
        "uxLabel": "Greater Than"
      },
      {
        "name": "LessThan",
        "uxLabel": "Less Than"
      },
      {
        "name": "GreaterThanOrEqual",
        "uxLabel": "Greater Than or Equal"
      },
      {
        "name": "LessThanOrEqual",
        "uxLabel": "Less Than or Equal"
      },
      {
        "name": "Between",
        "uxLabel": "Between"
      }
    ],
    "filterType": "freetext",
    "domainValues": []
  },
  {
    "filterName": "TotalActivityFilter",
    "queryParam": "TotalActivity",
    "uxLabel": "Total Activity",
    "uxDescription": "This allows you to filter users based on total activity.",
    "category": "activity",
    "dataType": "Integer",
    "allowedOperators": [
      {
        "name": "Equals",
        "uxLabel": "Equals"
      },
      {
        "name": "NotEquals",
        "uxLabel": "Not Equals"
      },
      {
        "name": "GreaterThan",
        "uxLabel": "Greater Than"
      },
      {
        "name": "LessThan",
        "uxLabel": "Less Than"
      },
      {
        "name": "GreaterThanOrEqual",
        "uxLabel": "Greater Than or Equal"
      },
      {
        "name": "LessThanOrEqual",
        "uxLabel": "Less Than or Equal"
      },
      {
        "name": "Between",
        "uxLabel": "Between"
      }
    ],
    "filterType": "freetext",
    "domainValues": []
  },
  {
    "filterName": "TotalUsageActivityFilter",
    "queryParam": "TotalUsageActivity",
    "uxLabel": "Total Usage Activity",
    "uxDescription": "This allows you to filter users based on total Usage Activity.",
    "category": "activity",
    "dataType": "Integer",
    "allowedOperators": [
      {
        "name": "Equals",
        "uxLabel": "Equals"
      },
      {
        "name": "NotEquals",
        "uxLabel": "Not Equals"
      },
      {
        "name": "GreaterThan",
        "uxLabel": "Greater Than"
      },
      {
        "name": "LessThan",
        "uxLabel": "Less Than"
      },
      {
        "name": "GreaterThanOrEqual",
        "uxLabel": "Greater Than or Equal"
      },
      {
        "name": "LessThanOrEqual",
        "uxLabel": "Less Than or Equal"
      },
      {
        "name": "Between",
        "uxLabel": "Between"
      }
    ],
    "filterType": "freetext",
    "domainValues": []
  },
  {
    "filterName": "EmailFilter",
    "queryParam": "email",
    "uxLabel": "User Email",
    "uxDescription": "This allows you to filter users based on users email.",
    "category": "user",
    "dataType": "Text",
    "allowedOperators": [
      {
        "name": "Equals",
        "uxLabel": "Equals"
      },
      {
        "name": "NotEquals",
        "uxLabel": "Not Equals"
      },
      {
        "name": "Contains",
        "uxLabel": "Contains"
      },
      {
        "name": "StartsWith",
        "uxLabel": "Starts with"
      },
      {
        "name": "EndsWith",
        "uxLabel": "Ends with"
      }
    ],
    "filterType": "freetext",
    "domainValues": []
  },
  {
    "filterName": "licenseTypeFilter",
    "queryParam": "licenseType",
    "uxLabel": "license Type",
    "uxDescription": "License type of user.",
    "category": "Users",
    "dataType": "Text",
    "allowedOperators": [
      {
        "name": "Equals",
        "uxLabel": "Equals"
      },
      {
        "name": "NotEquals",
        "uxLabel": "Not Equals"
      }
    ],
    "filterType": "domainOfValues",
    "filterPicklistQuery": "",
    "domainValues": ["learning only", "falsebusiness", "premium", "partner"]
  },
  {
    "filterName": "Username",
    "queryParam": "username",
    "uxLabel": "username",
    "uxDescription": "The username of the user.",
    "category": "Users",
    "dataType": "Text",
    "allowedOperators": [
      {
        "name": "Equals",
        "uxLabel": "Equals"
      },
      {
        "name": "NotEquals",
        "uxLabel": "Not Equals"
      }
    ],
    "filterType": "freetext",
    "filterPicklistQuery": "SELECT username as username FROM users",
    "domainValues": []
  }
]
