[
  {
    "fields": [
      {
        "name": "contentProfilename",
        "dataType": "Text",
        "isDefault": true,
        "uxLabel": "Content profile name",
        "uxDescription": "The name of the profile."
      },
      {
        "name": "isPredictiveOnly",
        "dataType": "Boolean",
        "isDefault": false,
        "uxLabel": "Is content profile predictive only?",
        "uxDescription": "A boolean indicating if the profile is for predictive content use only."
      },
      {
        "name": "isPublished",
        "dataType": "Boolean",
        "isDefault": true,
        "uxLabel": "Is content profile published?",
        "uxDescription": "A boolean indicating if the profile is published."
      },
      {
        "name": "isStagingProfile",
        "dataType": "Boolean",
        "isDefault": false,
        "uxLabel": "Is content profile staging profile?",
        "uxDescription": "Boolean indicating if this profile is a staging profile for test purposes."
      },
      {
        "name": "isContentProfileDeleted",
        "dataType": "Boolean",
        "isDefault": false,
        "uxLabel": "Is content profile deleted?",
        "uxDescription": "Boolean indicating if this content profile is deleted."
      }
    ],
    "uxLabel": "Content profile basics"
  },
  {
    "fields": [
      {
        "name": "teamsiteName",
        "dataType": "Text",
        "isDefault": false,
        "uxLabel": "Teamsite name",
        "uxDescription": "The name of the teamsite."
      },
      {
        "name": "isTeamsiteDeleted",
        "dataType": "Boolean",
        "isDefault": false,
        "uxLabel": "Is teamsite deleted?",
        "uxDescription": "Boolean indicating if this teamsite is deleted."
      }
    ],
    "uxLabel": "Content profile details"
  },
  {
    "fields": [
      {
        "name": "totalLibraryContents",
        "dataType": "Integer",
        "isDefault": true,
        "uxLabel": "Total library contents",
        "uxDescription": "The total number of library contents.",
        "hasGenericFilter": true
      },
      {
        "name": "livesendsSent",
        "dataType": "Integer",
        "isDefault": false,
        "uxLabel": "Livesends sent",
        "uxDescription": "The total number of Livesends sent.",
        "hasGenericFilter": true
      },
      {
        "name": "contentViews",
        "dataType": "Integer",
        "isDefault": true,
        "uxLabel": "Content views",
        "uxDescription": "The total number of library content views.",
        "hasGenericFilter": true
      },
      {
        "name": "meetingPresentations",
        "dataType": "Integer",
        "isDefault": false,
        "uxLabel": "Meeting presentations",
        "uxDescription": "The number of meeting presentations of the content.",
        "hasGenericFilter": true
      },
      {
        "name": "totalActivity",
        "dataType": "Integer",
        "isDefault": true,
        "uxLabel": "Total activity",
        "uxDescription": "The total number of user actions taken.",
        "hasGenericFilter": true
      },
      {
        "name": "totalUsageActivity",
        "dataType": "Integer",
        "isDefault": false,
        "uxLabel": "Total usage activity",
        "uxDescription": "The total number of actions taken by users to deliver content across all applications. These actions include Email, Livesend, Download, and more.",
        "hasGenericFilter": true
      },
      {
        "name": "totalDownloads",
        "dataType": "Integer",
        "isDefault": false,
        "uxLabel": "Total downloads",
        "uxDescription": "The total number of downloads.",
        "hasGenericFilter": true
      },
      {
        "name": "numberOfUsers",
        "dataType": "Integer",
        "isDefault": true,
        "uxLabel": "Number of users",
        "uxDescription": "The total number of Seismic users who had interactions with this content.",
        "hasGenericFilter": true
      },
      {
        "name": "livedocGenerations",
        "dataType": "Integer",
        "isDefault": false,
        "uxLabel": "Livedoc generations",
        "uxDescription": "The number of livedoc generations using this content.",
        "hasGenericFilter": true
      }
    ],
    "uxLabel": "KPI and metrics"
  }
]
