[
  {
    "filters": [
      {
        "filterName": "TeamsiteName",
        "queryParam": "TeamsiteName",
        "uxLabel": "Teamsite name",
        "uxDescription": "The name of the teamsite.",
        "category": "Content profile details",
        "dataType": "Text",
        "allowedOperators": [
          {
            "name": "IsOneOf",
            "uxLabel": "Is one of"
          },
          {
            "name": "IsNotOneOf",
            "uxLabel": "Is not one of"
          }
        ],
        "filterType": "picklist",
        "filterPicklistQuery": "SELECT distinct name as TeamsiteName FROM teamsites",
        "domainValues": [],
        "isDefault": false
      },
      {
        "filterName": "IsDeletedTeamsite",
        "queryParam": "IsDeletedTeamsite",
        "uxLabel": "Is teamsite deleted?",
        "uxDescription": "A true/false value to determine if the teamsite is deleted.",
        "category": "Content profile details",
        "dataType": "Boolean",
        "allowedOperators": [
          {
            "name": "Equals",
            "uxLabel": "Equals"
          },
          {
            "name": "NotEquals",
            "uxLabel": "Not Equals"
          }
        ],
        "filterType": "domainOfValues",
        "domainValues": ["true", "false"],
        "isDefault": false
      }
    ],
    "uxLabel": "Content profile details"
  },
  {
    "filters": [
      {
        "filterName": "IsPublishedContentProfile",
        "queryParam": "IsPublishedContentProfile",
        "uxLabel": "Is content profile published?",
        "uxDescription": "A true/false value to determine if the content profile is published.",
        "category": "Content profile basics",
        "dataType": "Boolean",
        "allowedOperators": [
          {
            "name": "Equals",
            "uxLabel": "Equals"
          },
          {
            "name": "NotEquals",
            "uxLabel": "Not Equals"
          }
        ],
        "filterType": "domainOfValues",
        "filterPicklistQuery": "SELECT distinct isPublished as IsPublishedContentProfile FROM contentProfiles",
        "domainValues": ["true", "false"],
        "isDefault": true
      },
      {
        "filterName": "ContentProfileName",
        "queryParam": "ContentProfileName",
        "uxLabel": "Content profile name",
        "uxDescription": "The name of the content profile.",
        "category": "Content profile basics",
        "dataType": "Text",
        "allowedOperators": [
          {
            "name": "IsOneOf",
            "uxLabel": "Is one of"
          },
          {
            "name": "IsNotOneOf",
            "uxLabel": "Is not one of"
          }
        ],
        "filterType": "picklist",
        "filterPicklistQuery": "SELECT distinct name as ContentProfileName FROM contentProfiles",
        "domainValues": [],
        "isDefault": false
      },
      {
        "filterName": "IsDeletedContentProfile",
        "queryParam": "IsDeletedContentProfile",
        "uxLabel": "Is content profile deleted?",
        "uxDescription": "A true/false value to determine if the content profile is deleted.",
        "category": "Content profile basics",
        "dataType": "Boolean",
        "allowedOperators": [
          {
            "name": "Equals",
            "uxLabel": "Equals"
          },
          {
            "name": "NotEquals",
            "uxLabel": "Not Equals"
          }
        ],
        "filterType": "domainOfValues",
        "filterPicklistQuery": "SELECT distinct isDeleted as IsDeletedContentProfile FROM contentProfiles",
        "domainValues": ["true", "false"],
        "isDefault": false
      }
    ],
    "uxLabel": "Content profile basics"
  },
  {
    "filters": [
      {
        "filterName": "totalLibraryContents",
        "queryParam": "totalLibraryContents",
        "uxLabel": "Total library contents",
        "uxDescription": "The total number of library contents.",
        "category": "KPI and metrics",
        "dataType": "Integer",
        "allowedOperators": [
          {
            "name": "Equals",
            "uxLabel": "Equals"
          },
          {
            "name": "NotEquals",
            "uxLabel": "Not Equals"
          },
          {
            "name": "GreaterThan",
            "uxLabel": "Greater than"
          },
          {
            "name": "LessThan",
            "uxLabel": "Less than"
          },
          {
            "name": "GreaterThanOrEqual",
            "uxLabel": "Greater than or equal"
          },
          {
            "name": "LessThanOrEqual",
            "uxLabel": "Less than or equal"
          },
          {
            "name": "Between",
            "uxLabel": "Between"
          }
        ],
        "filterType": "freetext",
        "domainValues": [],
        "isGenericFilter": true,
        "isDefault": false
      },
      {
        "filterName": "livesendsSent",
        "queryParam": "livesendsSent",
        "uxLabel": "Livesends sent",
        "uxDescription": "The total number of Livesends sent.",
        "category": "KPI and metrics",
        "dataType": "Integer",
        "allowedOperators": [
          {
            "name": "Equals",
            "uxLabel": "Equals"
          },
          {
            "name": "NotEquals",
            "uxLabel": "Not Equals"
          },
          {
            "name": "GreaterThan",
            "uxLabel": "Greater than"
          },
          {
            "name": "LessThan",
            "uxLabel": "Less than"
          },
          {
            "name": "GreaterThanOrEqual",
            "uxLabel": "Greater than or equal"
          },
          {
            "name": "LessThanOrEqual",
            "uxLabel": "Less than or equal"
          },
          {
            "name": "Between",
            "uxLabel": "Between"
          }
        ],
        "filterType": "freetext",
        "domainValues": [],
        "isGenericFilter": true,
        "isDefault": false
      },
      {
        "filterName": "contentViews",
        "queryParam": "contentViews",
        "uxLabel": "Content views",
        "uxDescription": "The total number of library content views.",
        "category": "KPI and metrics",
        "dataType": "Integer",
        "allowedOperators": [
          {
            "name": "Equals",
            "uxLabel": "Equals"
          },
          {
            "name": "NotEquals",
            "uxLabel": "Not Equals"
          },
          {
            "name": "GreaterThan",
            "uxLabel": "Greater than"
          },
          {
            "name": "LessThan",
            "uxLabel": "Less than"
          },
          {
            "name": "GreaterThanOrEqual",
            "uxLabel": "Greater than or equal"
          },
          {
            "name": "LessThanOrEqual",
            "uxLabel": "Less than or equal"
          },
          {
            "name": "Between",
            "uxLabel": "Between"
          }
        ],
        "filterType": "freetext",
        "domainValues": [],
        "isGenericFilter": true,
        "isDefault": false
      },
      {
        "filterName": "meetingPresentations",
        "queryParam": "meetingPresentations",
        "uxLabel": "Meeting presentations",
        "uxDescription": "The number of meeting presentations of the content.",
        "category": "KPI and metrics",
        "dataType": "Integer",
        "allowedOperators": [
          {
            "name": "Equals",
            "uxLabel": "Equals"
          },
          {
            "name": "NotEquals",
            "uxLabel": "Not Equals"
          },
          {
            "name": "GreaterThan",
            "uxLabel": "Greater than"
          },
          {
            "name": "LessThan",
            "uxLabel": "Less than"
          },
          {
            "name": "GreaterThanOrEqual",
            "uxLabel": "Greater than or equal"
          },
          {
            "name": "LessThanOrEqual",
            "uxLabel": "Less than or equal"
          },
          {
            "name": "Between",
            "uxLabel": "Between"
          }
        ],
        "filterType": "freetext",
        "domainValues": [],
        "isGenericFilter": true,
        "isDefault": false
      },
      {
        "filterName": "totalActivity",
        "queryParam": "totalActivity",
        "uxLabel": "Total activity",
        "uxDescription": "The total number of user actions taken.",
        "category": "KPI and metrics",
        "dataType": "Integer",
        "allowedOperators": [
          {
            "name": "Equals",
            "uxLabel": "Equals"
          },
          {
            "name": "NotEquals",
            "uxLabel": "Not Equals"
          },
          {
            "name": "GreaterThan",
            "uxLabel": "Greater than"
          },
          {
            "name": "LessThan",
            "uxLabel": "Less than"
          },
          {
            "name": "GreaterThanOrEqual",
            "uxLabel": "Greater than or equal"
          },
          {
            "name": "LessThanOrEqual",
            "uxLabel": "Less than or equal"
          },
          {
            "name": "Between",
            "uxLabel": "Between"
          }
        ],
        "filterType": "freetext",
        "domainValues": [],
        "isGenericFilter": true,
        "isDefault": false
      },
      {
        "filterName": "totalUsageActivity",
        "queryParam": "totalUsageActivity",
        "uxLabel": "Total usage activity",
        "uxDescription": "The total number of actions taken by users to deliver content across all applications. These actions include Email, Livesend, Download, and more.",
        "category": "KPI and metrics",
        "dataType": "Integer",
        "allowedOperators": [
          {
            "name": "Equals",
            "uxLabel": "Equals"
          },
          {
            "name": "NotEquals",
            "uxLabel": "Not Equals"
          },
          {
            "name": "GreaterThan",
            "uxLabel": "Greater than"
          },
          {
            "name": "LessThan",
            "uxLabel": "Less than"
          },
          {
            "name": "GreaterThanOrEqual",
            "uxLabel": "Greater than or equal"
          },
          {
            "name": "LessThanOrEqual",
            "uxLabel": "Less than or equal"
          },
          {
            "name": "Between",
            "uxLabel": "Between"
          }
        ],
        "filterType": "freetext",
        "domainValues": [],
        "isGenericFilter": true,
        "isDefault": false
      },
      {
        "filterName": "totalDownloads",
        "queryParam": "totalDownloads",
        "uxLabel": "Total downloads",
        "uxDescription": "The total number of downloads.",
        "category": "KPI and metrics",
        "dataType": "Integer",
        "allowedOperators": [
          {
            "name": "Equals",
            "uxLabel": "Equals"
          },
          {
            "name": "NotEquals",
            "uxLabel": "Not Equals"
          },
          {
            "name": "GreaterThan",
            "uxLabel": "Greater than"
          },
          {
            "name": "LessThan",
            "uxLabel": "Less than"
          },
          {
            "name": "GreaterThanOrEqual",
            "uxLabel": "Greater than or equal"
          },
          {
            "name": "LessThanOrEqual",
            "uxLabel": "Less than or equal"
          },
          {
            "name": "Between",
            "uxLabel": "Between"
          }
        ],
        "filterType": "freetext",
        "domainValues": [],
        "isGenericFilter": true,
        "isDefault": false
      },
      {
        "filterName": "numberOfUsers",
        "queryParam": "numberOfUsers",
        "uxLabel": "Number of users",
        "uxDescription": "The total number of Seismic users who had interactions with this content.",
        "category": "KPI and metrics",
        "dataType": "Integer",
        "allowedOperators": [
          {
            "name": "Equals",
            "uxLabel": "Equals"
          },
          {
            "name": "NotEquals",
            "uxLabel": "Not Equals"
          },
          {
            "name": "GreaterThan",
            "uxLabel": "Greater than"
          },
          {
            "name": "LessThan",
            "uxLabel": "Less than"
          },
          {
            "name": "GreaterThanOrEqual",
            "uxLabel": "Greater than or equal"
          },
          {
            "name": "LessThanOrEqual",
            "uxLabel": "Less than or equal"
          },
          {
            "name": "Between",
            "uxLabel": "Between"
          }
        ],
        "filterType": "freetext",
        "domainValues": [],
        "isGenericFilter": true,
        "isDefault": false
      },
      {
        "filterName": "livedocGenerations",
        "queryParam": "livedocGenerations",
        "uxLabel": "Livedoc generations",
        "uxDescription": "The number of livedoc generations using this content.",
        "category": "KPI and metrics",
        "dataType": "Integer",
        "allowedOperators": [
          {
            "name": "Equals",
            "uxLabel": "Equals"
          },
          {
            "name": "NotEquals",
            "uxLabel": "Not Equals"
          },
          {
            "name": "GreaterThan",
            "uxLabel": "Greater than"
          },
          {
            "name": "LessThan",
            "uxLabel": "Less than"
          },
          {
            "name": "GreaterThanOrEqual",
            "uxLabel": "Greater than or equal"
          },
          {
            "name": "LessThanOrEqual",
            "uxLabel": "Less than or equal"
          },
          {
            "name": "Between",
            "uxLabel": "Between"
          }
        ],
        "filterType": "freetext",
        "domainValues": [],
        "isGenericFilter": true,
        "isDefault": false
      }
    ],
    "uxLabel": "KPI and metrics"
  }
]
