{
    "data": [
        {
            "id": "84a5c9a8-5ba2-4e06-8914-c24a18a8236c",
            "userId": "ea2ae9d6-674d-49ae-b294-24d4c088df81",
            "reportName": "user",
            "description": "User report",
            "domain": "User",
            "ownerUserName": "System",
            "ownerUserId": "System",
            "lastViewed": "2024-08-09T12:22:39.812387Z",
            "reportType": "System"
        },
        {
            "id": "6122c992-4320-4593-8576-a6d6baa0db5b",
            "userId": "ea2ae9d6-674d-49ae-b294-24d4c088df81",
            "reportName": "Learning report",
            "description": "Learning report",
            "domain": "Learning",
            "ownerUserName": "System",
            "ownerUserId": "System",
            "lastViewed": "2024-08-09T11:00:34.643573Z",
            "reportType": "System"
        },
        {
            "id": "f2406379-cfb5-4b16-af21-0fbc5c1e3d4a",
            "userId": "ea2ae9d6-674d-49ae-b294-24d4c088df81",
            "reportName": "User Adoption, Audit, Inventory, and more!-Ex-1",
            "description": "Description fo the report goes here, and it may span multiple lines",
            "domain": "User Adoption, Audit, Inventory, and more!-Ex-1",
            "ownerUserName": "System",
            "ownerUserId": "System",
            "lastViewed": "2024-08-08T20:01:57.863725Z",
            "reportType": "System"
        }
    ],
    "totalRecords": 3,
    "skip": 0,
    "take": 10
}