{
  "data": [
    {
      "USEREMAIL": "acollins@seismic.com",
      "NAME": "Amber Test",
      "USERID": "fa293e8a-55b0-4f2e-938a-b9a7bc89592d",
      "USERNAME": "Amber Test"
    },
    {
      "USEREMAIL": "aheiss@seismic.com",
      "NAME": "Alan Heiss",
      "USERID": "09e8c6e2-b8ff-41f0-8710-a99648419bbd",
      "USERNAME": "Alan Heiss"
    },
    {
      "USEREMAIL": "alexqwang@seismic.com",
      "NAME": "Alex Wang",
      "USERID": "2f503098-23ce-47ee-9920-572e0f14ea12",
      "USERNAME": "Alex Wang"
    },
    {
      "USEREMAIL": "amit.chaudhari@seismic.com",
      "NAME": "Amit Chaudhari",
      "USERID": "d77f98b2-2e8d-4aef-bb31-c0d66978a85f",
      "USERNAME": "Amit Chaudhari"
    },
    {
      "USEREMAIL": "amit.sinha@prorigosoftware.com",
      "NAME": "Amit Sinha",
      "USERID": "bd5e65ce-2eea-490c-a128-763f91981892",
      "USERNAME": "Amit Sinha"
    },
    {
      "USEREMAIL": "amruta.shelar@prorigosoftware.com",
      "NAME": "Amruta Shelar",
      "USERID": "3eb1584e-3354-446b-9777-e39ddf784252",
      "USERNAME": "Amruta Shelar"
    },
    {
      "USEREMAIL": "anail+learner@seismic.com",
      "NAME": "Abigail Learner Nail",
      "USERID": "32460c68-a0f8-4ca6-bc4a-19e7ea31fbab",
      "USERNAME": "Abigail Learner Nail"
    },
    {
      "USEREMAIL": "anail+manager@seismic.com",
      "NAME": "Abigail Manager Nail",
      "USERID": "a95c618d-68c2-411a-a76a-7cf2c62a428a",
      "USERNAME": "Abigail Manager Nail"
    },
    {
      "USEREMAIL": "anail@seismic.com",
      "NAME": "Abigail Nail",
      "USERID": "853660a5-0cf9-4031-a4c4-47ccce356500",
      "USERNAME": "Abigail Nail"
    },
    {
      "USEREMAIL": "antonyeung10@gmail.com",
      "NAME": "Anton Yeung",
      "USERID": "115482ed-176c-4ac4-a154-045af68dc721",
      "USERNAME": "Anton Yeung"
    }
  ],
  "pagination": {
    "skip": 0,
    "take": 10,
    "totalRecords": 201
  }
}