[
    {
        "headerName": "User Id",
        "headerTooltip": "userId",
        "autoHeight": true,
        "field": "USERID",
        "sortable": true,
        "initialHide": false
    },
    {
        "headerName": "User name",
        "headerTooltip": "userName",
        "autoHeight": true,
        "field": "USERNAME",
        "sortable": true,
        "initialHide": false
    },
    {
        "headerName": "Is deleted",
        "headerTooltip": "isDeleted",
        "autoHeight": true,
        "field": "ISDELETED",
        "sortable": true,
        "initialHide": false
    },
    {
        "headerName": "License type",
        "headerTooltip": "licenseType",
        "autoHeight": true,
        "field": "LICENSETYPE",
        "sortable": true,
        "initialHide": false
    },
    {
        "headerName": "Total actions",
        "headerTooltip": "totalActions",
        "autoHeight": true,
        "field": "TOTALACTIONS",
        "sortable": true,
        "initialHide": false
    },
    {
        "headerName": "Livesend count",
        "headerTooltip": "livesendCount",
        "autoHeight": true,
        "field": "LIVESENDCOUNT",
        "sortable": true,
        "initialHide": false
    },
    {
        "headerName": "View count",
        "headerTooltip": "viewCount",
        "autoHeight": true,
        "field": "VIEWCOUNT",
        "sortable": true,
        "initialHide": false
    },
    {
        "headerName": "Download count",
        "headerTooltip": "downloadCount",
        "autoHeight": true,
        "field": "DOWNLOADCOUNT",
        "sortable": true,
        "initialHide": false
    }
]