{
  "id": "eb93bc35-993c-49c3-8e50-5c5158887faf",
  "reportName": "My Content Profiles",
  "systemReportId": "eb93bc35-993c-49c3-8e50-5c5158887faf",
  "systemReportName": "Content Profiles",
  "description": "This report provides a listing of the content profiles and teamsites, along with the metrics for the contents associated with those content profiles.  Each row in the report represents a unique content profile.\n",
  "ownerUserName": "System",
  "ownerUserId": "System",
  "reportType": "System",
  "orderField": "contentProfileName",
  "orderBy": "ASC_NULLS_LAST",
  "teamsites": [
    {
      "id": "1",
      "name": "automationtestdata",
      "description": "Default TeamSite",
      "isSelected": true
    },
    {
      "id": "feae9b13-6780-4893-8fae-282fd87d45a2",
      "name": "CanBeCustomizedProfile",
      "isSelected": true
    },
    {
      "id": "3dc4d4ec-5b79-4590-b9dd-c303cfe922e8",
      "name": "Freestyle_All_Content_TeamSite",
      "description": "",
      "isSelected": true
    },
    {
      "id": "d6f6ea55-e2ef-4bcc-9aae-86a1b57722ea",
      "name": "FreestyleTestCase",
      "isSelected": false
    },
    {
      "id": "a416bb55-774a-47a0-906f-2f59d2ccea97",
      "name": "No_Content_TeamSite",
      "isSelected": false
    },
    {
      "id": "fe6685af-47f2-40ec-b2c1-aa003d2ae161",
      "name": "RequiredProperty",
      "description": "",
      "isSelected": false
    },
    {
      "id": "e678fa0e-abbf-416e-8486-b455e3606f01",
      "name": "Teamsite for PB automation",
      "isSelected": false
    },
    {
      "id": "86d60a5f-0b47-40cb-83b6-5d7654806a39",
      "name": "TeamsiteC307642",
      "isSelected": false
    },
    {
      "id": "3483d9a2-baec-45cf-a33d-9d349775cb94",
      "name": "TeamsiteC552272",
      "isSelected": false
    },
    {
      "id": "195de309-be52-4b3c-8a09-3ac3a5f8e14e",
      "name": "TeamsiteME1490",
      "isSelected": false
    }
  ],
  "showTeamsitePicker": true,
  "appliedFilters": [
    {
      "filterName": "IsPublishedContentProfile",
      "operation": "Equals",
      "values": ["true"],
      "propertyType": "None"
    },
    {
      "filterName": "LibraryContentName",
      "operation": "None",
      "values": [],
      "propertyType": "None"
    },
    {
      "filterName": "LibraryContentType",
      "operation": "None",
      "values": [],
      "propertyType": "None"
    }
  ],
  "requestedFields": [
    {
      "name": "contentProfilename",
      "dataType": "Text",
      "isDefault": true,
      "uxLabel": "Content profile name",
      "uxDescription": "The name of the profile."
    },
    {
      "name": "isPredictiveOnly",
      "dataType": "Boolean",
      "isDefault": false,
      "uxLabel": "Is content profile predictive only?",
      "uxDescription": "A boolean indicating if the profile is for predictive content use only."
    },
    {
      "name": "isPublished",
      "dataType": "Boolean",
      "isDefault": true,
      "uxLabel": "Is content profile published?",
      "uxDescription": "A boolean indicating if the profile is published."
    },
    {
      "name": "isStagingProfile",
      "dataType": "Boolean",
      "isDefault": false,
      "uxLabel": "Is content profile staging profile?",
      "uxDescription": "Boolean indicating if this profile is a staging profile for test purposes."
    },
    {
      "name": "isContentProfileDeleted",
      "dataType": "Boolean",
      "isDefault": false,
      "uxLabel": "Is content profile deleted?",
      "uxDescription": "Boolean indicating if this content profile is deleted."
    },
    {
      "name": "teamsiteName",
      "dataType": "Text",
      "isDefault": true,
      "uxLabel": "Teamsite name",
      "uxDescription": "The name of the teamsite."
    },
    {
      "name": "isTeamsiteDeleted",
      "dataType": "Boolean",
      "isDefault": false,
      "uxLabel": "Is teamsite deleted?",
      "uxDescription": "Boolean indicating if this teamsite is deleted."
    },
    {
      "name": "totalLibraryContents",
      "dataType": "Integer",
      "isDefault": true,
      "uxLabel": "Total library contents",
      "uxDescription": "The total number of library contents.",
      "hasGenericFilter": true
    },
    {
      "name": "livesendsSent",
      "dataType": "Integer",
      "isDefault": false,
      "uxLabel": "Livesends sent",
      "uxDescription": "The total number of Livesends sent.",
      "hasGenericFilter": true
    },
    {
      "name": "contentViews",
      "dataType": "Integer",
      "isDefault": true,
      "uxLabel": "Content views",
      "uxDescription": "The total number of library content views.",
      "hasGenericFilter": true
    },
    {
      "name": "meetingPresentations",
      "dataType": "Integer",
      "isDefault": false,
      "uxLabel": "Meeting presentations",
      "uxDescription": "The number of meeting presentations of the content.",
      "hasGenericFilter": true
    },
    {
      "name": "totalActivity",
      "dataType": "Integer",
      "isDefault": true,
      "uxLabel": "Total activity",
      "uxDescription": "The total number of user actions taken.",
      "hasGenericFilter": true
    },
    {
      "name": "totalUsageActivity",
      "dataType": "Integer",
      "isDefault": false,
      "uxLabel": "Total usage activity",
      "uxDescription": "The total number of actions taken by users to deliver content across all applications. These actions include Email, Livesend, Download, and more.",
      "hasGenericFilter": true
    },
    {
      "name": "totalDownloads",
      "dataType": "Integer",
      "isDefault": false,
      "uxLabel": "Total downloads",
      "uxDescription": "The total number of downloads.",
      "hasGenericFilter": true
    },
    {
      "name": "numberOfUsers",
      "dataType": "Integer",
      "isDefault": true,
      "uxLabel": "Number of users",
      "uxDescription": "The total number of Seismic users who had interactions with this content.",
      "hasGenericFilter": true
    },
    {
      "name": "livedocGenerations",
      "dataType": "Integer",
      "isDefault": false,
      "uxLabel": "Livedoc generations",
      "uxDescription": "The number of livedoc generations using this content.",
      "hasGenericFilter": true
    },
    {
      "name": "ownerEmail",
      "dataType": "Text",
      "isDefault": true,
      "uxLabel": "Owner email",
      "uxDescription": "The email address of the owner of this content.",
      "formatter": "email-formatter",
      "nullable": false
    },
    {
      "name": "libraryUrl",
      "dataType": "Text",
      "isDefault": true,
      "uxLabel": "Library URL",
      "uxDescription": "The URL/link to this content in the Seismic Library (Content Manager).",
      "formatter": "url-formatter",
      "nullable": false
    }
  ],
  "standardReportMetadata": {
    "reportId": "eb93bc35-993c-49c3-8e50-5c5158887faf",
    "reportName": "Content Profiles",
    "description": "This report provides a listing of the content profiles and teamsites, along with the metrics for the contents associated with those content profiles.  Each row in the report represents a unique content profile.\n",
    "orderField": "contentProfileName",
    "orderBy": "ASC nulls last",
    "filters": [
      {
        "filterName": "ContentProfileName",
        "category": "Content profile basics",
        "isDefault": true
      },
      {
        "filterName": "IsPublishedContentProfile",
        "category": "Content profile basics",
        "isDefault": true,
        "defaultOperator": "Equals",
        "defaultValues": ["true"]
      },
      {
        "filterName": "IsDeletedContentProfile",
        "category": "Content profile basics",
        "isDefault": true
      },
      {
        "filterName": "TeamsiteName",
        "category": "Content profile details",
        "isDefault": true
      },
      {
        "filterName": "IsDeletedTeamsite",
        "category": "Content profile details",
        "isDefault": true
      },
      {
        "filterName": "totalLibraryContents",
        "category": "KPI and metrics",
        "isDefault": false
      },
      {
        "filterName": "livesendsSent",
        "category": "KPI and metrics",
        "isDefault": false
      },
      {
        "filterName": "contentViews",
        "category": "KPI and metrics",
        "isDefault": false
      },
      {
        "filterName": "meetingPresentations",
        "category": "KPI and metrics",
        "isDefault": false
      },
      {
        "filterName": "totalActivity",
        "category": "KPI and metrics",
        "isDefault": false
      },
      {
        "filterName": "totalUsageActivity",
        "category": "KPI and metrics",
        "isDefault": false
      },
      {
        "filterName": "totalDownloads",
        "category": "KPI and metrics",
        "isDefault": false
      },
      {
        "filterName": "numberOfUsers",
        "category": "KPI and metrics",
        "isDefault": false
      },
      {
        "filterName": "livedocGenerations",
        "category": "KPI and metrics",
        "isDefault": false
      }
    ],
    "fieldGroups": [
      {
        "uxLabel": "Content profile basics",
        "fields": [
          {
            "name": "contentProfilename",
            "dataType": "Text",
            "isDefault": true,
            "uxLabel": "Content profile name",
            "uxDescription": "The name of the profile."
          },
          {
            "name": "isPredictiveOnly",
            "dataType": "Boolean",
            "isDefault": false,
            "uxLabel": "Is content profile predictive only?",
            "uxDescription": "A boolean indicating if the profile is for predictive content use only."
          },
          {
            "name": "isPublished",
            "dataType": "Boolean",
            "isDefault": true,
            "uxLabel": "Is content profile published?",
            "uxDescription": "A boolean indicating if the profile is published."
          },
          {
            "name": "isStagingProfile",
            "dataType": "Boolean",
            "isDefault": false,
            "uxLabel": "Is content profile staging profile?",
            "uxDescription": "Boolean indicating if this profile is a staging profile for test purposes."
          },
          {
            "name": "isContentProfileDeleted",
            "dataType": "Boolean",
            "isDefault": false,
            "uxLabel": "Is content profile deleted?",
            "uxDescription": "Boolean indicating if this content profile is deleted."
          }
        ]
      },
      {
        "uxLabel": "Content profile details",
        "fields": [
          {
            "name": "teamsiteName",
            "dataType": "Text",
            "isDefault": true,
            "uxLabel": "Teamsite name",
            "uxDescription": "The name of the teamsite."
          },
          {
            "name": "isTeamsiteDeleted",
            "dataType": "Boolean",
            "isDefault": false,
            "uxLabel": "Is teamsite deleted?",
            "uxDescription": "Boolean indicating if this teamsite is deleted."
          }
        ]
      },
      {
        "uxLabel": "KPI and metrics",
        "fields": [
          {
            "name": "totalLibraryContents",
            "dataType": "Integer",
            "isDefault": true,
            "uxLabel": "Total library contents",
            "uxDescription": "The total number of library contents.",
            "hasGenericFilter": true
          },
          {
            "name": "livesendsSent",
            "dataType": "Integer",
            "isDefault": false,
            "uxLabel": "Livesends sent",
            "uxDescription": "The total number of Livesends sent.",
            "hasGenericFilter": true
          },
          {
            "name": "contentViews",
            "dataType": "Integer",
            "isDefault": true,
            "uxLabel": "Content views",
            "uxDescription": "The total number of library content views.",
            "hasGenericFilter": true
          },
          {
            "name": "meetingPresentations",
            "dataType": "Integer",
            "isDefault": false,
            "uxLabel": "Meeting presentations",
            "uxDescription": "The number of meeting presentations of the content.",
            "hasGenericFilter": true
          },
          {
            "name": "totalActivity",
            "dataType": "Integer",
            "isDefault": true,
            "uxLabel": "Total activity",
            "uxDescription": "The total number of user actions taken.",
            "hasGenericFilter": true
          },
          {
            "name": "totalUsageActivity",
            "dataType": "Integer",
            "isDefault": false,
            "uxLabel": "Total usage activity",
            "uxDescription": "The total number of actions taken by users to deliver content across all applications. These actions include Email, Livesend, Download, and more.",
            "hasGenericFilter": true
          },
          {
            "name": "totalDownloads",
            "dataType": "Integer",
            "isDefault": false,
            "uxLabel": "Total downloads",
            "uxDescription": "The total number of downloads.",
            "hasGenericFilter": true
          },
          {
            "name": "numberOfUsers",
            "dataType": "Integer",
            "isDefault": true,
            "uxLabel": "Number of users",
            "uxDescription": "The total number of Seismic users who had interactions with this content.",
            "hasGenericFilter": true
          },
          {
            "name": "livedocGenerations",
            "dataType": "Integer",
            "isDefault": false,
            "uxLabel": "Livedoc generations",
            "uxDescription": "The number of livedoc generations using this content.",
            "hasGenericFilter": true
          }
        ]
      }
    ],
    "filterGroup": [
      {
        "uxLabel": "Content profile details",
        "filters": [
          {
            "filterName": "TeamsiteName",
            "queryParam": "TeamsiteName",
            "uxLabel": "Teamsite name",
            "uxDescription": "The name of the teamsite.",
            "category": "Content profile details",
            "dataType": "Text",
            "allowedOperators": [
              {
                "name": "IsOneOf",
                "uxLabel": "Is one of"
              },
              {
                "name": "IsNotOneOf",
                "uxLabel": "Is not one of"
              }
            ],
            "filterType": "picklist",
            "filterPicklistQuery": "SELECT distinct name as TeamsiteName FROM teamsites",
            "domainValues": []
          },
          {
            "filterName": "IsDeletedTeamsite",
            "queryParam": "IsDeletedTeamsite",
            "uxLabel": "Is teamsite deleted?",
            "uxDescription": "A true/false value to determine if the teamsite is deleted.",
            "category": "Content profile details",
            "dataType": "Boolean",
            "allowedOperators": [
              {
                "name": "Equals",
                "uxLabel": "Equals"
              },
              {
                "name": "NotEquals",
                "uxLabel": "Not Equals"
              }
            ],
            "filterType": "domainOfValues",
            "domainValues": ["true", "false"]
          }
        ]
      },
      {
        "uxLabel": "Content profile basics",
        "filters": [
          {
            "filterName": "IsPublishedContentProfile",
            "queryParam": "IsPublishedContentProfile",
            "uxLabel": "Is content profile published?",
            "uxDescription": "A true/false value to determine if the content profile is published.",
            "category": "Content profile basics",
            "dataType": "Boolean",
            "allowedOperators": [
              {
                "name": "Equals",
                "uxLabel": "Equals"
              },
              {
                "name": "NotEquals",
                "uxLabel": "Not Equals"
              }
            ],
            "filterType": "domainOfValues",
            "filterPicklistQuery": "SELECT distinct isPublished as IsPublishedContentProfile FROM contentProfiles",
            "domainValues": ["true", "false"]
          },
          {
            "filterName": "ContentProfileName",
            "queryParam": "ContentProfileName",
            "uxLabel": "Content profile name",
            "uxDescription": "The name of the content profile.",
            "category": "Content profile basics",
            "dataType": "Text",
            "allowedOperators": [
              {
                "name": "IsOneOf",
                "uxLabel": "Is one of"
              },
              {
                "name": "IsNotOneOf",
                "uxLabel": "Is not one of"
              }
            ],
            "filterType": "picklist",
            "filterPicklistQuery": "SELECT distinct name as ContentProfileName FROM contentProfiles",
            "domainValues": []
          },
          {
            "filterName": "IsDeletedContentProfile",
            "queryParam": "IsDeletedContentProfile",
            "uxLabel": "Is content profile deleted?",
            "uxDescription": "A true/false value to determine if the content profile is deleted.",
            "category": "Content profile basics",
            "dataType": "Boolean",
            "allowedOperators": [
              {
                "name": "Equals",
                "uxLabel": "Equals"
              },
              {
                "name": "NotEquals",
                "uxLabel": "Not Equals"
              }
            ],
            "filterType": "domainOfValues",
            "filterPicklistQuery": "SELECT distinct isDeleted as IsDeletedContentProfile FROM contentProfiles",
            "domainValues": ["true", "false"]
          }
        ]
      },
      {
        "uxLabel": "KPI and metrics",
        "filters": [
          {
            "filterName": "totalLibraryContents",
            "queryParam": "totalLibraryContents",
            "uxLabel": "Total library contents",
            "uxDescription": "The total number of library contents.",
            "category": "KPI and metrics",
            "dataType": "Integer",
            "allowedOperators": [
              {
                "name": "Equals",
                "uxLabel": "Equals"
              },
              {
                "name": "NotEquals",
                "uxLabel": "Not Equals"
              },
              {
                "name": "GreaterThan",
                "uxLabel": "Greater than"
              },
              {
                "name": "LessThan",
                "uxLabel": "Less than"
              },
              {
                "name": "GreaterThanOrEqual",
                "uxLabel": "Greater than or equal"
              },
              {
                "name": "LessThanOrEqual",
                "uxLabel": "Less than or equal"
              },
              {
                "name": "Between",
                "uxLabel": "Between"
              }
            ],
            "filterType": "freetext",
            "domainValues": [],
            "isGenericFilter": true
          },
          {
            "filterName": "livesendsSent",
            "queryParam": "livesendsSent",
            "uxLabel": "Livesends sent",
            "uxDescription": "The total number of Livesends sent.",
            "category": "KPI and metrics",
            "dataType": "Integer",
            "allowedOperators": [
              {
                "name": "Equals",
                "uxLabel": "Equals"
              },
              {
                "name": "NotEquals",
                "uxLabel": "Not Equals"
              },
              {
                "name": "GreaterThan",
                "uxLabel": "Greater than"
              },
              {
                "name": "LessThan",
                "uxLabel": "Less than"
              },
              {
                "name": "GreaterThanOrEqual",
                "uxLabel": "Greater than or equal"
              },
              {
                "name": "LessThanOrEqual",
                "uxLabel": "Less than or equal"
              },
              {
                "name": "Between",
                "uxLabel": "Between"
              }
            ],
            "filterType": "freetext",
            "domainValues": [],
            "isGenericFilter": true
          },
          {
            "filterName": "contentViews",
            "queryParam": "contentViews",
            "uxLabel": "Content views",
            "uxDescription": "The total number of library content views.",
            "category": "KPI and metrics",
            "dataType": "Integer",
            "allowedOperators": [
              {
                "name": "Equals",
                "uxLabel": "Equals"
              },
              {
                "name": "NotEquals",
                "uxLabel": "Not Equals"
              },
              {
                "name": "GreaterThan",
                "uxLabel": "Greater than"
              },
              {
                "name": "LessThan",
                "uxLabel": "Less than"
              },
              {
                "name": "GreaterThanOrEqual",
                "uxLabel": "Greater than or equal"
              },
              {
                "name": "LessThanOrEqual",
                "uxLabel": "Less than or equal"
              },
              {
                "name": "Between",
                "uxLabel": "Between"
              }
            ],
            "filterType": "freetext",
            "domainValues": [],
            "isGenericFilter": true
          },
          {
            "filterName": "meetingPresentations",
            "queryParam": "meetingPresentations",
            "uxLabel": "Meeting presentations",
            "uxDescription": "The number of meeting presentations of the content.",
            "category": "KPI and metrics",
            "dataType": "Integer",
            "allowedOperators": [
              {
                "name": "Equals",
                "uxLabel": "Equals"
              },
              {
                "name": "NotEquals",
                "uxLabel": "Not Equals"
              },
              {
                "name": "GreaterThan",
                "uxLabel": "Greater than"
              },
              {
                "name": "LessThan",
                "uxLabel": "Less than"
              },
              {
                "name": "GreaterThanOrEqual",
                "uxLabel": "Greater than or equal"
              },
              {
                "name": "LessThanOrEqual",
                "uxLabel": "Less than or equal"
              },
              {
                "name": "Between",
                "uxLabel": "Between"
              }
            ],
            "filterType": "freetext",
            "domainValues": [],
            "isGenericFilter": true
          },
          {
            "filterName": "totalActivity",
            "queryParam": "totalActivity",
            "uxLabel": "Total activity",
            "uxDescription": "The total number of user actions taken.",
            "category": "KPI and metrics",
            "dataType": "Integer",
            "allowedOperators": [
              {
                "name": "Equals",
                "uxLabel": "Equals"
              },
              {
                "name": "NotEquals",
                "uxLabel": "Not Equals"
              },
              {
                "name": "GreaterThan",
                "uxLabel": "Greater than"
              },
              {
                "name": "LessThan",
                "uxLabel": "Less than"
              },
              {
                "name": "GreaterThanOrEqual",
                "uxLabel": "Greater than or equal"
              },
              {
                "name": "LessThanOrEqual",
                "uxLabel": "Less than or equal"
              },
              {
                "name": "Between",
                "uxLabel": "Between"
              }
            ],
            "filterType": "freetext",
            "domainValues": [],
            "isGenericFilter": true
          },
          {
            "filterName": "totalUsageActivity",
            "queryParam": "totalUsageActivity",
            "uxLabel": "Total usage activity",
            "uxDescription": "The total number of actions taken by users to deliver content across all applications. These actions include Email, Livesend, Download, and more.",
            "category": "KPI and metrics",
            "dataType": "Integer",
            "allowedOperators": [
              {
                "name": "Equals",
                "uxLabel": "Equals"
              },
              {
                "name": "NotEquals",
                "uxLabel": "Not Equals"
              },
              {
                "name": "GreaterThan",
                "uxLabel": "Greater than"
              },
              {
                "name": "LessThan",
                "uxLabel": "Less than"
              },
              {
                "name": "GreaterThanOrEqual",
                "uxLabel": "Greater than or equal"
              },
              {
                "name": "LessThanOrEqual",
                "uxLabel": "Less than or equal"
              },
              {
                "name": "Between",
                "uxLabel": "Between"
              }
            ],
            "filterType": "freetext",
            "domainValues": [],
            "isGenericFilter": true
          },
          {
            "filterName": "totalDownloads",
            "queryParam": "totalDownloads",
            "uxLabel": "Total downloads",
            "uxDescription": "The total number of downloads.",
            "category": "KPI and metrics",
            "dataType": "Integer",
            "allowedOperators": [
              {
                "name": "Equals",
                "uxLabel": "Equals"
              },
              {
                "name": "NotEquals",
                "uxLabel": "Not Equals"
              },
              {
                "name": "GreaterThan",
                "uxLabel": "Greater than"
              },
              {
                "name": "LessThan",
                "uxLabel": "Less than"
              },
              {
                "name": "GreaterThanOrEqual",
                "uxLabel": "Greater than or equal"
              },
              {
                "name": "LessThanOrEqual",
                "uxLabel": "Less than or equal"
              },
              {
                "name": "Between",
                "uxLabel": "Between"
              }
            ],
            "filterType": "freetext",
            "domainValues": [],
            "isGenericFilter": true
          },
          {
            "filterName": "numberOfUsers",
            "queryParam": "numberOfUsers",
            "uxLabel": "Number of users",
            "uxDescription": "The total number of Seismic users who had interactions with this content.",
            "category": "KPI and metrics",
            "dataType": "Integer",
            "allowedOperators": [
              {
                "name": "Equals",
                "uxLabel": "Equals"
              },
              {
                "name": "NotEquals",
                "uxLabel": "Not Equals"
              },
              {
                "name": "GreaterThan",
                "uxLabel": "Greater than"
              },
              {
                "name": "LessThan",
                "uxLabel": "Less than"
              },
              {
                "name": "GreaterThanOrEqual",
                "uxLabel": "Greater than or equal"
              },
              {
                "name": "LessThanOrEqual",
                "uxLabel": "Less than or equal"
              },
              {
                "name": "Between",
                "uxLabel": "Between"
              }
            ],
            "filterType": "freetext",
            "domainValues": [],
            "isGenericFilter": true
          },
          {
            "filterName": "livedocGenerations",
            "queryParam": "livedocGenerations",
            "uxLabel": "Livedoc generations",
            "uxDescription": "The number of livedoc generations using this content.",
            "category": "KPI and metrics",
            "dataType": "Integer",
            "allowedOperators": [
              {
                "name": "Equals",
                "uxLabel": "Equals"
              },
              {
                "name": "NotEquals",
                "uxLabel": "Not Equals"
              },
              {
                "name": "GreaterThan",
                "uxLabel": "Greater than"
              },
              {
                "name": "LessThan",
                "uxLabel": "Less than"
              },
              {
                "name": "GreaterThanOrEqual",
                "uxLabel": "Greater than or equal"
              },
              {
                "name": "LessThanOrEqual",
                "uxLabel": "Less than or equal"
              },
              {
                "name": "Between",
                "uxLabel": "Between"
              }
            ],
            "filterType": "freetext",
            "domainValues": [],
            "isGenericFilter": true
          }
        ]
      }
    ],
    "includeUserProperties": false,
    "includeCustomProperties": false,
    "queryTemplate": "with content_profiles_info as (\n  SELECT\n  cp.id as contentProfileId\n  , cp.name\n  {% if fields_isPublished %} , cp.isPublished {% endif %}\n  {% if fields_isPredictiveOnly %} , cp.isPredictiveOnly {% endif %}\n  {% if fields_isStagingProfile %} , cp.isStagingProfile {% endif %}\n  {% if fields_isContentProfileDeleted %} , cp.isDeleted as isContentProfileDeleted {% endif %}\n  {% if fields_teamsiteName %} , t.name as teamsiteName {% endif %}\n  {% if fields_isTeamsiteDeleted %} , t.isDeleted as isTeamsiteDeleted {% endif %} \n  FROM contentProfiles cp\n  LEFT JOIN teamsites t on cp.teamsiteId = t.id\n)\n{% if fields_livesendsSent or fields_contentViews or fields_totalUsageActivity or fields_totalDownloads or fields_searchClicks or fields_numberOfUsers or fields_totalLivesendOpens or fields_totalActivity %}\n  ,activity as (\n      select \n          cpa.contentprofileid\n          {% if fields_livesendsSent %} ,count_if(ua.action = 'Livesend') as LivesendsSent {% endif %}\n          {% if fields_contentViews %} ,count_if(ua.actionCategory = 'View') as contentViews {% endif %}\n          {% if fields_totalUsageActivity %} ,count_if(ua.actionCategory = 'Usage') as TotalUsageActivity {% endif %}\n          {% if fields_totalDownloads %} ,count_if(ua.action = 'Download') as TotalDownloads {% endif %}\n          {% if fields_searchClicks %} ,count_if(ua.action = 'Search Click') as SearchClicks {% endif %}\n          {% if fields_numberOfUsers %} ,count(distinct ua.userid) as NumberOfUsers {% endif %}\n          {% if fields_totalLivesendOpens %} ,count(distinct ua.livesendlinkcontentid) as TotalLivesendOpens {% endif %}\n          {% if fields_totalActivity %} ,count(distinct ua.id) as TotalActivity {% endif %}\n      from CONTENTPROFILEASSIGNMENTS cpa\n      left join librarycontents lc on cpa.librarycontentid = lc.id\n      left join useractivity ua on lc.id = ua.libraryContentId\n      group by cpa.contentprofileid\n  )\n{% endif %}\n{% if fields_totalLibraryContents %}\n  ,total_contents as (\n      select \n          cpa.contentprofileid\n          {% if fields_totalLibraryContents %} , count(distinct lc.id) as totalLibraryContents {% endif %}\n      from CONTENTPROFILEASSIGNMENTS cpa\n      left join librarycontents lc on cpa.librarycontentid = lc.id\n      group by cpa.contentprofileid\n  )\n{% endif %}\n{% if fields_meetingPresentations %}\n  ,meetingPresentations as (\n      select \n          cpa.contentprofileid\n          {% if fields_meetingPresentations %} ,count(distinct mcp.id) as meetingPresentations {% endif %}\n      from CONTENTPROFILEASSIGNMENTS cpa\n      left join librarycontents lc on cpa.librarycontentid = lc.id\n      left join meetingcontentpresentations mcp on lc.id = mcp.contentid\n      group by cpa.contentprofileid\n  )\n{% endif %}\n{% if fields_livedocGenerations %}\n  ,livedocGenerations as (\n      select \n          cpa.contentprofileid\n          {% if fields_livedocGenerations %} ,count(gl.id) as livedocGenerations {% endif %}\n      from CONTENTPROFILEASSIGNMENTS cpa\n      left join librarycontents lc on cpa.librarycontentid = lc.id\n      left join generatedlivedocs gl on lc.id = gl.librarycontentid        \n      group by cpa.contentprofileid\n  )\n{% endif %}\nSELECT\n  {% if fields_contentProfilename %} cp.name as contentProfilename {% endif %}\n  {% if fields_isPublished %} , cp.isPublished {% endif %}\n  {% if fields_isPredictiveOnly %} , cp.isPredictiveOnly {% endif %}\n  {% if fields_isStagingProfile %} , coalesce(cp.isStagingProfile,false) as isStagingProfile {% endif %}\n  {% if fields_isContentProfileDeleted %} , cp.isContentProfileDeleted {% endif %}\n  {% if fields_teamsiteName %} , cp.teamsiteName {% endif %}\n  {% if fields_isTeamsiteDeleted %} , cp.isTeamsiteDeleted {% endif %}\n  {% if fields_totalLibraryContents %} ,coalesce(tc.totalLibraryContents,0) as totalLibraryContents {% endif %}\n  {% if fields_contentViews %} ,coalesce(a.contentViews,0) as contentViews {% endif %}\n  {% if fields_totalUsageActivity %} ,coalesce(a.totalUsageActivity,0) as totalUsageActivity {% endif %}\n  {% if fields_searchClicks %} ,coalesce(a.searchClicks,0) as searchClicks {% endif %}\n  {% if fields_totalDownloads %} ,coalesce(a.totalDownloads,0) as totalDownloads {% endif %}\n  {% if fields_livedocGenerations %} ,coalesce(lg.livedocGenerations,0) as livedocGenerations {% endif %}\n  {% if fields_livesendsSent %} ,coalesce(a.livesendsSent,0) as livesendsSent {% endif %}\n  {% if fields_totalLivesendOpens %} ,coalesce(a.totalLivesendOpens,0) as totalLivesendOpens {% endif %}\n  {% if fields_totalLivesendViewingHours %} ,coalesce(lvd.totalLivesendViewingHours,0) as totalLivesendViewingHours {% endif %}\n  {% if fields_numberOfUsers %} ,coalesce(a.numberOfUsers,0) as numberOfUsers {% endif %}\n  {% if fields_totalActivity %} ,coalesce(a.totalActivity,0) as totalActivity {% endif %}\n  {% if fields_meetingPresentations %} ,coalesce(mp.meetingPresentations,0) as meetingPresentations {% endif %}\n  , count(*) over () as totalRecords\nfrom content_profiles_info cp {% if fields_livesendsSent or fields_contentViews or fields_totalUsageActivity or fields_totalDownloads or fields_searchClicks or fields_numberOfUsers or fields_totalLivesendOpens or fields_totalActivity %} left join activity a on cp.contentProfileId = a.contentprofileid {% endif %} {% if fields_meetingPresentations %} left join meetingPresentations mp on cp.contentProfileId = mp.contentprofileid {% endif %} {% if fields_livedocGenerations %} left join livedocGenerations lg on cp.contentProfileId = lg.contentprofileid {% endif %} {% if fields_totalLibraryContents %} left join total_contents tc on cp.contentProfileId = tc.contentprofileid {% endif %} where true {% if filter_ContentProfileName %} and cp.name {{filter_ContentProfileName_operator}} {{filter_ContentProfileName_filterValue}} {% endif %} {% if filter_IsPublishedContentProfile %} and cp.isPublished {{filter_IsPublishedContentProfile_operator}} {{filter_IsPublishedContentProfile_filterValue}} {% endif %} {% if filter_IsDeletedContentProfile %} and cp.isContentProfileDeleted {{filter_IsDeletedContentProfile_operator}} {{filter_IsDeletedContentProfile_filterValue}} {% endif %} {% if filter_TeamsiteName %} and cp.teamsiteName {{filter_TeamsiteName_operator}} {{filter_TeamsiteName_filterValue}} {% endif %} {% if filter_IsDeletedTeamsite %} and cp.isTeamsiteDeleted {{filter_IsDeletedTeamsite_operator}} {{filter_IsDeletedTeamsite_filterValue}} {% endif %} {{ generic_filter_expression }}  \n{% if orderField %} order by {{ orderField }} {{ orderBy }} {% else %} order by cp.name {% endif %} offset @records_skip rows fetch next @records_take rows only"
  }
}
