[
    {
        "id": "r5DM7ruqpU2122nXooD79A",
        "legacyId": "eecc90af-aabb-4da5-b5db-69d7a280fbf4",
        "username": "Vinay",
        "email": "vinay.kamireddy@seismic.com",
        "firstName": "Vinay",
        "lastName": "kamireddy",
        "fullName": "Vinay kamireddy",
        "title": "",
        "organization": "",
        "directGroupIds": [
            "439qmNtooUWXMlks9hf6Zw",
            "VnWQqj05ok-BIeiTJBC_PQ"
        ]
    },
    {
        "id": "qu_CFoiEYkWNRn28NfLmNg",
        "legacyId": "16c2efaa-8488-4562-8d46-7dbc35f2e636",
        "username": "irene",
        "email": "asinha+u4@seismic.com",
        "firstName": "Irene",
        "lastName": "Graham",
        "fullName": "Irene Graham",
        "title": "Account Executive II",
        "organization": "Sales Engineering",
        "directGroupIds": [
            "4W_mRTK-WEax6phz9uXBbw",
            "g_GhZYYRcUibmFZEmLfBzw",
            "439qmNtooUWXMlks9hf6Zw"
        ],
        "thumbnailId": "8d35cd4b-fde7-45d1-b452-e855ac68805c",
        "thumbnailUrl": "https://download-qa01.seismic-dev.com/api/image/v1/tmpurl/images?t=readinesscoachingqa&c=readinesscoachingqa&id=8d35cd4b-fde7-45d1-b452-e855ac68805c&requestsize=Small&et=29060169&isfullcontainername=True&sig=D4co6vrpvfMDuVai1kHcLkXChd%2BVBpv%2BnxI7k6PaxJI%3D"
    },
    {
        "id": "QCd7B03s6UiEXnKCgwsmDQ",
        "legacyId": "077b2740-ec4d-48e9-845e-7282830b260d",
        "username": "Satish",
        "email": "satish.nikam@seismic.com",
        "firstName": "satish",
        "lastName": "Nikam",
        "fullName": "satish Nikam",
        "title": "",
        "organization": "",
        "directGroupIds": [
            "5mVJsLupH1mPihrcssjcOQ",
            "HzhcRG6CR_UXggs3fsm4Rw",
            "439qmNtooUWXMlks9hf6Zw",
            "JltW6f59B0aMLml9ON3SKA",
            "DmpA-XUWCqNaAyyPFU7jXA"
        ]
    },
    {
        "id": "EZ8OfLWpf0SSZ18n2CN-Qw",
        "legacyId": "7c0e9f11-a9b5-447f-9267-5f27d8237e43",
        "username": "asinha_biz",
        "email": "asinha+biz@seismic.com",
        "firstName": "Amit",
        "lastName": "Biz",
        "fullName": "Amit Biz",
        "title": "",
        "organization": "",
        "directGroupIds": [
            "FPsz-pb7LUilI64NacGqPw",
            "439qmNtooUWXMlks9hf6Zw"
        ]
    }
]