[
  {
    "id": "LeiDBYBfiUChqFoBqpjH7A",
    "legacyId": "0583e82d-5f80-4089-a1a8-5a01aa98c7ec",
    "username": "mkeller@seismic.com",
    "email": "mkeller@seismic.com",
    "firstName": "Matt",
    "lastName": "Keller",
    "fullName": "Matt Keller",
    "title": "",
    "organization": "",
    "directGroupIds": [
      "5mVJsLupH1mPihrcssjcOQ",
      "439qmNtooUWXMlks9hf6Zw",
      "VnWQqj05ok-BIeiTJBC_PQ"
    ]
  },
  {
    "id": "3x0OD9-nh0aRwR7u3PW1Mw",
    "legacyId": "0f0e1ddf-a7df-4687-91c1-1eeedcf5b533",
    "username": "vaibhavghule",
    "email": "vaibhav.ghule@prorigosoftware.com",
    "firstName": "vaibhav",
    "lastName": "ghule",
    "fullName": "vaibhav ghule",
    "title": "",
    "organization": "",
    "directGroupIds": ["439qmNtooUWXMlks9hf6Zw", "VnWQqj05ok-BIeiTJBC_PQ"]
  },
  {
    "id": "3zAYEsJrKkiLW_CzS2JDtA",
    "legacyId": "121830df-6bc2-482a-8b5b-f0b34b6243b4",
    "username": "bhiatt@seismic.com",
    "email": "bhiatt@seismic.com",
    "firstName": "Bobby",
    "lastName": "Hiatt",
    "fullName": "Bobby Hiatt",
    "title": "",
    "organization": "",
    "directGroupIds": [
      "5mVJsLupH1mPihrcssjcOQ",
      "439qmNtooUWXMlks9hf6Zw",
      "VnWQqj05ok-BIeiTJBC_PQ"
    ]
  },
  {
    "id": "dp1KFU_nyUu5s5kA8T5R_g",
    "legacyId": "154a9d76-e74f-4bc9-b9b3-9900f13e51fe",
    "username": "stodtenkopf@seismic.com",
    "email": "stodtenkopf@seismic.com",
    "firstName": "Stella",
    "lastName": "Todtenkopf",
    "fullName": "Stella Todtenkopf",
    "title": "",
    "organization": "",
    "directGroupIds": [
      "5mVJsLupH1mPihrcssjcOQ",
      "439qmNtooUWXMlks9hf6Zw",
      "VnWQqj05ok-BIeiTJBC_PQ"
    ]
  },
  {
    "id": "phPVF-MBE0G5ppYJDCkRsA",
    "legacyId": "17d513a6-01e3-4113-b9a6-96090c2911b0",
    "username": "bmoody@seismic.com",
    "email": "bmoody@seismic.com",
    "firstName": "Blake",
    "lastName": "Moody",
    "fullName": "Blake Moody",
    "title": "",
    "organization": "",
    "directGroupIds": [
      "5mVJsLupH1mPihrcssjcOQ",
      "439qmNtooUWXMlks9hf6Zw",
      "VnWQqj05ok-BIeiTJBC_PQ"
    ]
  },
  {
    "id": "Mx9OH-PXyUGCqSdTbqtiTg",
    "legacyId": "1f4e1f33-d7e3-41c9-82a9-27536eab624e",
    "username": "egravlin@seismic.com",
    "email": "egravlin@seismic.com",
    "firstName": "Eric",
    "lastName": "Gravlin",
    "fullName": "Eric Gravlin",
    "title": "",
    "organization": "",
    "directGroupIds": [
      "5mVJsLupH1mPihrcssjcOQ",
      "439qmNtooUWXMlks9hf6Zw",
      "VnWQqj05ok-BIeiTJBC_PQ"
    ]
  },
  {
    "id": "wvTpOde9skq8cbLFwlvZSQ",
    "legacyId": "39e9f4c2-bdd7-4ab2-bc71-b2c5c25bd949",
    "username": "mayuri",
    "email": "mayuri.more@seismic.com",
    "firstName": "aaa mayuri",
    "lastName": "more",
    "fullName": "aaa mayuri more",
    "title": "",
    "organization": "Go to market - Sales",
    "directGroupIds": [
      "vkkhDNxYiUyp2Bo9O3Z0OQ",
      "5mVJsLupH1mPihrcssjcOQ",
      "qO13JyoFMk-PPAqeTH6Aqg",
      "439qmNtooUWXMlks9hf6Zw",
      "VnWQqj05ok-BIeiTJBC_PQ",
      "JltW6f59B0aMLml9ON3SKA"
    ]
  },
  {
    "id": "3PhYQFx72kGg6MaZ8sSHOw",
    "legacyId": "4058f8dc-7b5c-41da-a0e8-c699f2c4873b",
    "username": "tgalvin",
    "email": "tgalvin@seismic.com",
    "firstName": "Thomas",
    "lastName": "Galvin",
    "fullName": "Thomas Galvin",
    "title": "",
    "organization": "",
    "directGroupIds": [
      "5mVJsLupH1mPihrcssjcOQ",
      "439qmNtooUWXMlks9hf6Zw",
      "VnWQqj05ok-BIeiTJBC_PQ"
    ]
  },
  {
    "id": "huDNR9aFZEyhESFYc9OBHw",
    "legacyId": "47cde086-85d6-4c64-a111-215873d3811f",
    "username": "jkim",
    "email": "jkim@seismic.com",
    "firstName": "Jin Hyoung",
    "lastName": "Kim",
    "fullName": "Jin Hyoung Kim",
    "title": "",
    "organization": "",
    "directGroupIds": [
      "5mVJsLupH1mPihrcssjcOQ",
      "439qmNtooUWXMlks9hf6Zw",
      "VnWQqj05ok-BIeiTJBC_PQ"
    ]
  },
  {
    "id": "sVFASOgnzEWVpRaYUaAxPA",
    "legacyId": "484051b1-27e8-45cc-95a5-169851a0313c",
    "username": "akulkarni",
    "email": "asinha+adk@seismic.com",
    "firstName": "Aditya",
    "lastName": "Kulkarni",
    "fullName": "Aditya Kulkarni",
    "title": "Super Kings",
    "organization": "",
    "directGroupIds": [
      "4W_mRTK-WEax6phz9uXBbw",
      "439qmNtooUWXMlks9hf6Zw",
      "j5v6oOu2u0GWhFm4lFaHHw",
      "VnWQqj05ok-BIeiTJBC_PQ",
      "FPsz-pb7LUilI64NacGqPw"
    ],
    "thumbnailId": "a7bd99df-c6e8-4ee7-ae44-0bd0c76bd198",
    "thumbnailUrl": "https://download-qa01.seismic-dev.com/api/image/v1/tmpurl/images?t=readinesscoachingqa&c=readinesscoachingqa&id=a7bd99df-c6e8-4ee7-ae44-0bd0c76bd198&requestsize=Small&et=29060168&isfullcontainername=True&sig=pbMGRtGTs8Kz351Efm%2F6pwjTCtNjgDdOCGzDXS9S22c%3D"
  },
  {
    "id": "IbYoS7VFoU-d4TZILlxT9w",
    "legacyId": "4b28b621-45b5-4fa1-9de1-36482e5c53f7",
    "username": "ewible@seismic.com",
    "email": "ewible@seismic.com",
    "firstName": "Evan",
    "lastName": "Wible",
    "fullName": "Evan Wible",
    "title": "",
    "organization": "",
    "directGroupIds": ["VnWQqj05ok-BIeiTJBC_PQ", "439qmNtooUWXMlks9hf6Zw"]
  },
  {
    "id": "rqqfS5GYI06duTIJSN0Ihw",
    "legacyId": "4b9faaae-9891-4e23-9db9-320948dd0887",
    "username": "rshah",
    "email": "rshah@seismic.com",
    "firstName": "Riddhesh",
    "lastName": "Shah",
    "fullName": "Riddhesh Shah",
    "title": "",
    "organization": "",
    "directGroupIds": [
      "5mVJsLupH1mPihrcssjcOQ",
      "439qmNtooUWXMlks9hf6Zw",
      "VnWQqj05ok-BIeiTJBC_PQ"
    ]
  },
  {
    "id": "0EYMVkYg_kGcIlWY4bKuoA",
    "legacyId": "560c46d0-2046-41fe-9c22-5598e1b2aea0",
    "username": "fferrari",
    "email": "fferrari@seismic.com",
    "firstName": "Francesco",
    "lastName": "Ferrari",
    "fullName": "Francesco Ferrari",
    "title": "",
    "organization": "",
    "directGroupIds": [
      "5mVJsLupH1mPihrcssjcOQ",
      "VnWQqj05ok-BIeiTJBC_PQ",
      "439qmNtooUWXMlks9hf6Zw"
    ]
  },
  {
    "id": "HEmGaxceykiwvBnL_vf3Lg",
    "legacyId": "6b86491c-1e17-48ca-b0bc-19cbfef7f72e",
    "username": "yliu@seismic.com",
    "email": "yliu@seismic.com",
    "firstName": "Yinyin",
    "lastName": "Liu",
    "fullName": "Yinyin Liu",
    "title": "",
    "organization": "",
    "directGroupIds": [
      "5mVJsLupH1mPihrcssjcOQ",
      "439qmNtooUWXMlks9hf6Zw",
      "VnWQqj05ok-BIeiTJBC_PQ",
      "j4vcwxSlaUaikMcekrWcsg",
      "FPsz-pb7LUilI64NacGqPw"
    ]
  },
  {
    "id": "7bwscd_G3Ua6dMdva0osZg",
    "legacyId": "712cbced-c6df-46dd-ba74-c76f6b4a2c66",
    "username": "ravis",
    "email": "rsahu@seismic.com",
    "firstName": "Ravi",
    "lastName": "Sahu",
    "fullName": "Ravi Sahu",
    "title": "Super Kings",
    "organization": "Sales Manager",
    "directGroupIds": [
      "vkkhDNxYiUyp2Bo9O3Z0OQ",
      "4W_mRTK-WEax6phz9uXBbw",
      "XWUPfzYBr0y3r4Wo04-mZQ",
      "j5v6oOu2u0GWhFm4lFaHHw",
      "VnWQqj05ok-BIeiTJBC_PQ",
      "439qmNtooUWXMlks9hf6Zw"
    ],
    "thumbnailId": "07036029-43de-4243-8feb-161f36de1d07",
    "thumbnailUrl": "https://download-qa01.seismic-dev.com/api/image/v1/tmpurl/images?t=readinesscoachingqa&c=readinesscoachingqa&id=07036029-43de-4243-8feb-161f36de1d07&requestsize=Small&et=29060168&isfullcontainername=True&sig=ijiHQYtLgZoK3hXeO41bsQynviSrfhydarStTFBdedI%3D"
  },
  {
    "id": "DyqmmU2R4U6IGFa8Pjrphg",
    "legacyId": "99a62a0f-914d-4ee1-8818-56bc3e3ae986",
    "username": "shelar",
    "email": "aamruta.shelar@prorigosoftware.com",
    "firstName": "Amruta",
    "lastName": "Biz",
    "fullName": "Amruta Biz",
    "title": "Software Enginner",
    "organization": "",
    "directGroupIds": [
      "g_GhZYYRcUibmFZEmLfBzw",
      "VnWQqj05ok-BIeiTJBC_PQ",
      "439qmNtooUWXMlks9hf6Zw"
    ]
  },
  {
    "id": "QaQTo1l4iEOz6-0t8FEOsw",
    "legacyId": "a313a441-7859-4388-b3eb-ed2df0510eb3",
    "username": "vghule",
    "email": "vaibhav.ghule@seismic.com",
    "firstName": "Vaibhav",
    "lastName": "Ghule",
    "fullName": "Vaibhav Ghule",
    "title": "Assistant Manager",
    "organization": "Marketing",
    "directGroupIds": [
      "4W_mRTK-WEax6phz9uXBbw",
      "g_GhZYYRcUibmFZEmLfBzw",
      "439qmNtooUWXMlks9hf6Zw",
      "VnWQqj05ok-BIeiTJBC_PQ"
    ],
    "thumbnailId": "210a4daf-e0d2-4a76-bdd7-f30d303090cf",
    "thumbnailUrl": "https://download-qa01.seismic-dev.com/api/image/v1/tmpurl/images?t=readinesscoachingqa&c=readinesscoachingqa&id=210a4daf-e0d2-4a76-bdd7-f30d303090cf&requestsize=Small&et=29060168&isfullcontainername=True&sig=x5wurOezBndkb5617JE9NfeOhave0RaZXn15onm9pFg%3D"
  },
  {
    "id": "cprutHJ9vEOZhrLuBVVQ7A",
    "legacyId": "b4ee9a72-7d72-43bc-9986-b2ee055550ec",
    "username": "qesrt",
    "email": "jbogart@seismic.com",
    "firstName": "Automation",
    "lastName": "User",
    "fullName": "Automation User",
    "title": "",
    "organization": "",
    "directGroupIds": [
      "5mVJsLupH1mPihrcssjcOQ",
      "439qmNtooUWXMlks9hf6Zw",
      "VnWQqj05ok-BIeiTJBC_PQ"
    ]
  },
  {
    "id": "XKm7wYmsbkWCQWsQjoJ9BQ",
    "legacyId": "c1bba95c-ac89-456e-8241-6b108e827d05",
    "username": "crieke@seismic.com",
    "email": "crieke@seismic.com",
    "firstName": "Connor",
    "lastName": "Rieke",
    "fullName": "Connor Rieke",
    "title": "",
    "organization": "",
    "directGroupIds": [
      "5mVJsLupH1mPihrcssjcOQ",
      "439qmNtooUWXMlks9hf6Zw",
      "VnWQqj05ok-BIeiTJBC_PQ"
    ]
  },
  {
    "id": "XM3S1P5JJkeOP2WqjSZIXw",
    "legacyId": "d4d2cd5c-49fe-4726-8e3f-65aa8d26485f",
    "username": "msmith@seismic.com",
    "email": "msmith@seismic.com",
    "firstName": "Mark",
    "lastName": "Smith",
    "fullName": "Mark Smith",
    "title": "",
    "organization": "",
    "directGroupIds": ["439qmNtooUWXMlks9hf6Zw", "VnWQqj05ok-BIeiTJBC_PQ"]
  },
  {
    "id": "1ukq6k1nrkmylCTUwIjfgQ",
    "legacyId": "ea2ae9d6-674d-49ae-b294-24d4c088df81",
    "username": "asinha",
    "email": "asinha@seismic.com",
    "firstName": "Amit",
    "lastName": "Sinha",
    "fullName": "Amit Sinha",
    "title": "Super Kings",
    "organization": "",
    "directGroupIds": [
      "vkkhDNxYiUyp2Bo9O3Z0OQ",
      "5mVJsLupH1mPihrcssjcOQ",
      "4W_mRTK-WEax6phz9uXBbw",
      "XWUPfzYBr0y3r4Wo04-mZQ",
      "VnWQqj05ok-BIeiTJBC_PQ",
      "FPsz-pb7LUilI64NacGqPw",
      "KDHn-l8T20yUjahRHwOWPg",
      "439qmNtooUWXMlks9hf6Zw"
    ],
    "thumbnailId": "db12f2d0-9891-4178-bbe6-90726eee4065",
    "thumbnailUrl": "https://download-qa01.seismic-dev.com/api/image/v1/tmpurl/images?t=readinesscoachingqa&c=readinesscoachingqa&id=db12f2d0-9891-4178-bbe6-90726eee4065&requestsize=Small&et=29060168&isfullcontainername=True&sig=fjXqm6NiQo%2BMQnTkaVQ8KUayZ6%2Fh6RiySUjDVc1sV7g%3D"
  },
  {
    "id": "oXMB7bs6VEiRvZIJ4D4tMQ",
    "legacyId": "ed0173a1-3abb-4854-91bd-9209e03e2d31",
    "username": "Pratik Rathi",
    "email": "prathi@seismic.com",
    "firstName": "Pratik",
    "lastName": "Rathi",
    "fullName": "Pratik Rathi",
    "title": "Super Kings",
    "organization": "",
    "directGroupIds": [
      "4W_mRTK-WEax6phz9uXBbw",
      "Xc4loGTORU-4SIcFNRjJDw",
      "VnWQqj05ok-BIeiTJBC_PQ",
      "439qmNtooUWXMlks9hf6Zw"
    ],
    "thumbnailId": "72238a90-6a9f-4200-b392-8833de168bb9",
    "thumbnailUrl": "https://download-qa01.seismic-dev.com/api/image/v1/tmpurl/images?t=readinesscoachingqa&c=readinesscoachingqa&id=72238a90-6a9f-4200-b392-8833de168bb9&requestsize=Small&et=29060168&isfullcontainername=True&sig=BrlYd%2FQTxFTtT6%2FgpgC1N2zra%2BlhT6qiR3b2tHbKnWE%3D"
  },
  {
    "id": "r5DM7ruqpU2122nXooD79A",
    "legacyId": "eecc90af-aabb-4da5-b5db-69d7a280fbf4",
    "username": "Vinay",
    "email": "vinay.kamireddy@seismic.com",
    "firstName": "Vinay",
    "lastName": "kamireddy",
    "fullName": "Vinay kamireddy",
    "title": "",
    "organization": "",
    "directGroupIds": ["439qmNtooUWXMlks9hf6Zw", "VnWQqj05ok-BIeiTJBC_PQ"]
  },
  {
    "id": "GJk6AWpsjUe_iwWOYeFNqA",
    "legacyId": "013a9918-6c6a-478d-bf8b-058e61e14da8",
    "username": "ksifontes@seismic.com",
    "email": "ksifontes@seismic.com",
    "firstName": "Katherine",
    "lastName": "Sifontes",
    "fullName": "Katherine Sifontes",
    "title": "",
    "organization": "",
    "directGroupIds": ["5mVJsLupH1mPihrcssjcOQ", "439qmNtooUWXMlks9hf6Zw"]
  },
  {
    "id": "fbeSAdsouo8ZPERbrM69mQ",
    "legacyId": "0192b77d-28db-8fba-193c-445baccebd99",
    "username": "Cart-User-3",
    "email": "seismictest1@objectivasoftware.com",
    "firstName": "Cindy",
    "lastName": "Form~C",
    "fullName": "Cindy Form~C",
    "title": "",
    "organization": "",
    "directGroupIds": ["439qmNtooUWXMlks9hf6Zw"]
  },
  {
    "id": "6Cx1AtazIE-xBnDpWqdu7A",
    "legacyId": "02752ce8-b3d6-4f20-b106-70e95aa76eec",
    "username": "prasad_learner",
    "email": "pbadave+learnernew@seismic.com",
    "firstName": "prasad",
    "lastName": "learner",
    "fullName": "prasad learner",
    "title": "",
    "organization": "",
    "directGroupIds": ["439qmNtooUWXMlks9hf6Zw"]
  },
  {
    "id": "Zsf2A5dMc0uxRcTIg53daA",
    "legacyId": "03f6c766-4c97-4b73-b145-c4c8839ddd68",
    "username": "RM",
    "email": "rohan.mandhre@seismic.com",
    "firstName": "Rohan",
    "lastName": "Mandhre",
    "fullName": "Rohan Mandhre",
    "title": "Mr.",
    "organization": "",
    "directGroupIds": ["5mVJsLupH1mPihrcssjcOQ", "439qmNtooUWXMlks9hf6Zw"]
  },
  {
    "id": "wtGsBN4g5VcELP9cRyjrbg",
    "legacyId": "04acd1c2-20de-57e5-042c-ff5c4728eb6e",
    "username": "testsso",
    "email": "bessiexu@seismic.com",
    "title": "",
    "organization": "",
    "directGroupIds": ["439qmNtooUWXMlks9hf6Zw", "DmpA-XUWCqNaAyyPFU7jXA"]
  },
  {
    "id": "q7fmBAfVhkajjTTIeXhRXQ",
    "legacyId": "04e6b7ab-d507-4686-a38d-34c87978515d",
    "username": "rcqa-sdr-mgrtwo",
    "email": "rgrey+rcqa-sdr-mgr-two@seismic.com",
    "firstName": "SDR",
    "lastName": "MgrTwo",
    "fullName": "SDR MgrTwo",
    "title": "",
    "organization": "",
    "directGroupIds": [
      "YV6JAIgobk6nfaf8xH6Dtg",
      "xik0ITbAyk-idn7TUrwx-w",
      "439qmNtooUWXMlks9hf6Zw"
    ]
  },
  {
    "id": "7WAqBV6XHkeHKdqHEaEycQ",
    "legacyId": "052a60ed-975e-471e-8729-da8711a13271",
    "username": "ipuri@seismic.com",
    "email": "ipuri@seismic.com",
    "firstName": "Ishaan",
    "lastName": "Puri",
    "fullName": "Ishaan Puri",
    "title": "",
    "organization": "",
    "directGroupIds": [
      "5mVJsLupH1mPihrcssjcOQ",
      "439qmNtooUWXMlks9hf6Zw",
      "FPsz-pb7LUilI64NacGqPw"
    ]
  },
  {
    "id": "M9TfBby4-U-emR_dCuYiGg",
    "legacyId": "05dfd433-b8bc-4ff9-9e99-1fdd0ae6221a",
    "username": "RickSAGrey",
    "email": "rgrey+sa@seismic.com",
    "firstName": "Rick",
    "lastName": "SAGrey",
    "fullName": "Rick SAGrey",
    "title": "SA",
    "organization": "",
    "directGroupIds": [
      "sO9XZS4oW0ysbOqN12j_tA",
      "439qmNtooUWXMlks9hf6Zw",
      "76qpz-yl4UO9RbnFyeifOg"
    ]
  },
  {
    "id": "QCd7B03s6UiEXnKCgwsmDQ",
    "legacyId": "077b2740-ec4d-48e9-845e-7282830b260d",
    "username": "Satish",
    "email": "satish.nikam@seismic.com",
    "firstName": "satish",
    "lastName": "Nikam",
    "fullName": "satish Nikam",
    "title": "",
    "organization": "",
    "directGroupIds": [
      "5mVJsLupH1mPihrcssjcOQ",
      "HzhcRG6CR_UXggs3fsm4Rw",
      "439qmNtooUWXMlks9hf6Zw",
      "JltW6f59B0aMLml9ON3SKA",
      "DmpA-XUWCqNaAyyPFU7jXA"
    ]
  },
  {
    "id": "4sboCf-48EGHEKmWSEGbvQ",
    "legacyId": "09e8c6e2-b8ff-41f0-8710-a99648419bbd",
    "username": "alan",
    "email": "aheiss@seismic.com",
    "firstName": "Alan",
    "lastName": "Heiss",
    "fullName": "Alan Heiss",
    "title": "",
    "organization": "",
    "directGroupIds": ["5mVJsLupH1mPihrcssjcOQ", "439qmNtooUWXMlks9hf6Zw"]
  },
  {
    "id": "7gtOCudAyB022TgghwcQdw",
    "legacyId": "0a4e0bee-40e7-1dc8-36d9-382087071077",
    "username": "Cart-User-5",
    "email": "automationtester1@silvertower.biz",
    "firstName": "Ella",
    "lastName": "form_E",
    "fullName": "Ella form_E",
    "title": "",
    "organization": "",
    "directGroupIds": ["439qmNtooUWXMlks9hf6Zw"]
  },
  {
    "id": "k61ZCiYqvkyQmlVtfITmtQ",
    "legacyId": "0a59ad93-2a26-4cbe-909a-556d7c84e6b5",
    "username": "srana",
    "email": "srana@seismic.com",
    "firstName": "Shatabdi",
    "lastName": "Rana",
    "fullName": "Shatabdi Rana",
    "title": "Super Kings",
    "organization": "",
    "directGroupIds": [
      "4W_mRTK-WEax6phz9uXBbw",
      "439qmNtooUWXMlks9hf6Zw",
      "Xc4loGTORU-4SIcFNRjJDw"
    ],
    "thumbnailId": "efc1f77b-3002-4573-9606-7266be1bf8ca",
    "thumbnailUrl": "https://download-qa01.seismic-dev.com/api/image/v1/tmpurl/images?t=readinesscoachingqa&c=readinesscoachingqa&id=efc1f77b-3002-4573-9606-7266be1bf8ca&requestsize=Small&et=29060168&isfullcontainername=True&sig=aC9P1etVgX5Xd4MzSfyRh763YtVNosAnvMZCQ11zqDs%3D"
  },
  {
    "id": "laaCDpXYPEe5ZGLS2gtwEQ",
    "legacyId": "0e82a695-d895-473c-b964-62d2da0b7011",
    "username": "Bhalchandra Lele",
    "email": "BLele@seismic.com",
    "firstName": "Bhalchandra",
    "lastName": "Lele",
    "fullName": "Bhalchandra Lele",
    "title": "Super Kings",
    "organization": "",
    "directGroupIds": [
      "4W_mRTK-WEax6phz9uXBbw",
      "9Laz9R2EWUqaVgj3j7Nowg",
      "439qmNtooUWXMlks9hf6Zw"
    ]
  },
  {
    "id": "5mVJsLupH1mPihrcssjcOQ",
    "legacyId": "1",
    "username": "admin",
    "email": "automationtester1@silvertower.biz",
    "firstName": "Admin",
    "lastName": "Admin",
    "fullName": "Admin Admin",
    "title": "",
    "organization": "",
    "directGroupIds": ["5mVJsLupH1mPihrcssjcOQ", "439qmNtooUWXMlks9hf6Zw"]
  },
  {
    "id": "7YJUEWwXxEqhVARa9o3HIQ",
    "legacyId": "115482ed-176c-4ac4-a154-045af68dc721",
    "username": "antonlearner",
    "email": "antonyeung10@gmail.com",
    "firstName": "Anton",
    "lastName": "Yeung",
    "fullName": "Anton Yeung",
    "title": "",
    "organization": "",
    "directGroupIds": ["439qmNtooUWXMlks9hf6Zw"]
  },
  {
    "id": "qXfKFIkOYE-VT7mavVWVfQ",
    "legacyId": "14ca77a9-0e89-4f60-954f-b99abd55957d",
    "username": "Vaishali Gawali",
    "email": "vgawali@seismic.com",
    "firstName": "Vaishali",
    "lastName": "Gawali",
    "fullName": "Vaishali Gawali",
    "title": "Super Kings",
    "organization": "",
    "directGroupIds": [
      "ckR9I1UbxkKKppvBSgyCTA",
      "4W_mRTK-WEax6phz9uXBbw",
      "439qmNtooUWXMlks9hf6Zw"
    ]
  },
  {
    "id": "lFXeFKtI-E-ih-9yaDYmXQ",
    "legacyId": "14de5594-48ab-4ff8-a287-ef726836265d",
    "username": "ychang",
    "email": "ychang@seismic.com",
    "firstName": "Yun-Wei",
    "lastName": "Chang",
    "fullName": "Yun-Wei Chang",
    "title": "",
    "organization": "",
    "directGroupIds": ["5mVJsLupH1mPihrcssjcOQ", "439qmNtooUWXMlks9hf6Zw"]
  },
  {
    "id": "9V-BFcCQckmYZjGkf5PJTg",
    "legacyId": "15815ff5-90c0-4972-9866-31a47f93c94e",
    "username": "programs-bug-bash",
    "email": "cpierce@seismic.com",
    "firstName": "Bug",
    "lastName": "Bash",
    "fullName": "Bug Bash",
    "title": "",
    "organization": "",
    "directGroupIds": ["5mVJsLupH1mPihrcssjcOQ", "439qmNtooUWXMlks9hf6Zw"]
  },
  {
    "id": "aNqWFaioyU2olRRcJPQKDA",
    "legacyId": "1596da68-a8a8-4dc9-a895-145c24f40a0c",
    "username": "WS_User_2",
    "email": "automationtester2@silvertower.biz",
    "title": "",
    "organization": "",
    "directGroupIds": ["439qmNtooUWXMlks9hf6Zw"]
  },
  {
    "id": "P9RmFpnKhE-KIWSJ9VEtFg",
    "legacyId": "1666d43f-ca99-4f84-8a21-6489f5512d16",
    "username": "rcqa-sdr-mgrone",
    "email": "rgrey+rcqa-sdr-mgr-one@seismic.com",
    "firstName": "SDR",
    "lastName": "MgrOne",
    "fullName": "SDR MgrOne",
    "title": "",
    "organization": "",
    "directGroupIds": ["YV6JAIgobk6nfaf8xH6Dtg", "439qmNtooUWXMlks9hf6Zw"]
  },
  {
    "id": "qu_CFoiEYkWNRn28NfLmNg",
    "legacyId": "16c2efaa-8488-4562-8d46-7dbc35f2e636",
    "username": "irene",
    "email": "asinha+u4@seismic.com",
    "firstName": "Irene",
    "lastName": "Graham",
    "fullName": "Irene Graham",
    "title": "Account Executive II",
    "organization": "Sales Engineering",
    "directGroupIds": [
      "4W_mRTK-WEax6phz9uXBbw",
      "g_GhZYYRcUibmFZEmLfBzw",
      "439qmNtooUWXMlks9hf6Zw"
    ],
    "thumbnailId": "8d35cd4b-fde7-45d1-b452-e855ac68805c",
    "thumbnailUrl": "https://download-qa01.seismic-dev.com/api/image/v1/tmpurl/images?t=readinesscoachingqa&c=readinesscoachingqa&id=8d35cd4b-fde7-45d1-b452-e855ac68805c&requestsize=Small&et=29060168&isfullcontainername=True&sig=fnMuhXQPO3YEGK7Y6sYsjwzM01HaE2pkd4FNPaiROHM%3D"
  },
  {
    "id": "-TfLGE0tykO431MMjdc-WA",
    "legacyId": "18cb37f9-2d4d-43ca-b8df-530c8dd73e58",
    "username": "megan",
    "email": "asinha+u5@seismic.com",
    "firstName": "Megan",
    "lastName": "Roland",
    "fullName": "Megan Roland",
    "title": "Account Executive I",
    "organization": "Sales Engineering",
    "directGroupIds": [
      "4W_mRTK-WEax6phz9uXBbw",
      "g_GhZYYRcUibmFZEmLfBzw",
      "439qmNtooUWXMlks9hf6Zw"
    ],
    "thumbnailId": "be787c4e-5dac-425c-b7b3-9c5ceade9e90",
    "thumbnailUrl": "https://download-qa01.seismic-dev.com/api/image/v1/tmpurl/images?t=readinesscoachingqa&c=readinesscoachingqa&id=be787c4e-5dac-425c-b7b3-9c5ceade9e90&requestsize=Small&et=29060168&isfullcontainername=True&sig=hG%2Bj9KaAFJ5FQDRSq5XmuANs%2FbX%2BLm9TLHrezDVtyd8%3D"
  },
  {
    "id": "sYU7GavfpWuoVK1EPIfGTA",
    "legacyId": "193b85b1-dfab-6ba5-a854-ad443c87c64c",
    "username": "NC_NoPermission_User",
    "email": "emilywzhang@seismic.com",
    "title": "",
    "organization": "",
    "directGroupIds": ["439qmNtooUWXMlks9hf6Zw"]
  },
  {
    "id": "ZplMGRCYBkGhgWNDlxV99A",
    "legacyId": "194c9966-9810-4106-a181-634397157df4",
    "username": "spawar",
    "email": "spawar@seismic.com",
    "firstName": "Shubham",
    "lastName": "Pawar",
    "fullName": "Shubham Pawar",
    "title": "Super Kings",
    "organization": "",
    "directGroupIds": [
      "5mVJsLupH1mPihrcssjcOQ",
      "4W_mRTK-WEax6phz9uXBbw",
      "439qmNtooUWXMlks9hf6Zw",
      "j5v6oOu2u0GWhFm4lFaHHw"
    ],
    "thumbnailId": "b25557bf-1442-48fe-9aef-91fa66edbc68",
    "thumbnailUrl": "https://download-qa01.seismic-dev.com/api/image/v1/tmpurl/images?t=readinesscoachingqa&c=readinesscoachingqa&id=b25557bf-1442-48fe-9aef-91fa66edbc68&requestsize=Small&et=29060168&isfullcontainername=True&sig=5F6g9H1tMtHX7o8stwdXG1sNt5Mxq0OHFru2JB7sXiw%3D"
  },
  {
    "id": "43lfGVAFZ0mevEMTs-fLlg",
    "legacyId": "195f79e3-0550-4967-9ebc-4313b3e7cb96",
    "username": "prem_learner",
    "email": "prem.methe+learnernew@seismic.com",
    "firstName": "prem",
    "lastName": "learner",
    "fullName": "prem learner",
    "title": "",
    "organization": "",
    "directGroupIds": ["3EpwWX5WskmicQED9LjGjw", "439qmNtooUWXMlks9hf6Zw"]
  },
  {
    "id": "kHNvIc-S5kWlyAXi8z6Ddg",
    "legacyId": "216f7390-92cf-45e6-a5c8-05e2f33e8376",
    "username": "rcqa-ent-five",
    "email": "rgrey+rcqa-ent-five@seismic.com",
    "firstName": "Enterprise",
    "lastName": "Five",
    "fullName": "Enterprise Five",
    "title": "",
    "organization": "",
    "directGroupIds": ["mGaZAWUxeEWRh9HWet1aYg", "439qmNtooUWXMlks9hf6Zw"]
  },
  {
    "id": "elH2IrkmjkmlGEjtiOPgSA",
    "legacyId": "22f6517a-26b9-498e-a518-48ed88e3e048",
    "username": "clmanager",
    "email": "clim+coachingqamanager@seismic.com",
    "firstName": "Cheng",
    "lastName": "Manager",
    "fullName": "Cheng Manager",
    "title": "",
    "organization": "",
    "directGroupIds": ["439qmNtooUWXMlks9hf6Zw"]
  },
  {
    "id": "tmazI2A3O0WYlMYFouBCSw",
    "legacyId": "23b366b6-3760-453b-9894-c605a2e0424b",
    "username": "jaita_learner",
    "email": "jaita.das+learrner@seismic.com",
    "firstName": "jaita",
    "lastName": "learner",
    "fullName": "jaita learner",
    "title": "",
    "organization": "",
    "directGroupIds": ["439qmNtooUWXMlks9hf6Zw"]
  },
  {
    "id": "CyP1IyqbQ0OiLrUtz8ab8w",
    "legacyId": "23f5230b-9b2a-4343-a22e-b52dcfc69bf3",
    "username": "skakadde",
    "email": "sandiip.kakadde@seismic.com",
    "firstName": "Sandiip",
    "lastName": "Kakadde",
    "fullName": "Sandiip Kakadde",
    "title": "",
    "organization": "",
    "directGroupIds": ["439qmNtooUWXMlks9hf6Zw"]
  },
  {
    "id": "BMmMJ-MLCjBLA9oIzsvjjA",
    "legacyId": "278cc904-0be3-300a-4b03-da08cecbe38c",
    "username": "s4o-user",
    "email": "ivorfeng@seismic.com",
    "title": "",
    "organization": "",
    "directGroupIds": ["5mVJsLupH1mPihrcssjcOQ", "439qmNtooUWXMlks9hf6Zw"]
  },
  {
    "id": "ak6RJ8PTCEO4o5EMBw72tw",
    "legacyId": "27914e6a-d3c3-4308-b8a3-910c070ef6b7",
    "username": "ltran@seismic.com",
    "email": "ltran@seismic.com",
    "firstName": "Loc",
    "lastName": "Tran",
    "fullName": "Loc Tran",
    "title": "",
    "organization": "",
    "directGroupIds": ["439qmNtooUWXMlks9hf6Zw", "rxffwfiBv0CkUAotlI8XaQ"]
  },
  {
    "id": "D8RdKEuKGk-yGx8oA1uGbg",
    "legacyId": "285dc40f-8a4b-4f1a-b21b-1f28035b866e",
    "username": "Chinmay Ghute",
    "email": "cghute@seismic.com",
    "firstName": "Chinmay",
    "lastName": "Ghute",
    "fullName": "Chinmay Ghute",
    "title": "Super Kings",
    "organization": "",
    "directGroupIds": ["4W_mRTK-WEax6phz9uXBbw", "439qmNtooUWXMlks9hf6Zw"]
  },
  {
    "id": "0VSEKIBwnkGkR4SWkUWAQQ",
    "legacyId": "288454d1-7080-419e-a447-849691458041",
    "username": "ajay_learner",
    "email": "ajaykumar.bind+learner@seismic.com",
    "firstName": "ajay",
    "lastName": "learner",
    "fullName": "ajay learner",
    "title": "",
    "organization": "",
    "directGroupIds": ["439qmNtooUWXMlks9hf6Zw"]
  },
  {
    "id": "0uQ3KRu9W0-pHFd3N6F1IQ",
    "legacyId": "2937e4d2-bd1b-4f5b-a91c-577737a17521",
    "username": "jzhang",
    "email": "jacqueline@seismic.com",
    "firstName": "Jacqueline",
    "lastName": "Zhang",
    "fullName": "Jacqueline Zhang",
    "title": "",
    "organization": "",
    "directGroupIds": ["439qmNtooUWXMlks9hf6Zw"]
  },
  {
    "id": "Wd9TKdact06zuScj2YAX1g",
    "legacyId": "2953df59-9cd6-4eb7-b3b9-2723d98017d6",
    "username": "clim",
    "email": "clim@seismic.com",
    "firstName": "Cheng",
    "lastName": "Lim",
    "fullName": "Cheng Lim",
    "title": "",
    "organization": "",
    "directGroupIds": ["5mVJsLupH1mPihrcssjcOQ", "439qmNtooUWXMlks9hf6Zw"]
  },
  {
    "id": "_ituKrRd2E-feE-y7-F5lA",
    "legacyId": "2a6e2bfe-5db4-4fd8-9f78-4fb2efe17994",
    "username": "rcarroll@seismic.com",
    "email": "rcarroll@seismic.com",
    "firstName": "Ryan",
    "lastName": "Carroll",
    "fullName": "Ryan Carroll",
    "title": "",
    "organization": "",
    "directGroupIds": ["439qmNtooUWXMlks9hf6Zw"]
  },
  {
    "id": "mDBQL84j7keZIFcuDxTqEg",
    "legacyId": "2f503098-23ce-47ee-9920-572e0f14ea12",
    "username": "aqwang",
    "email": "alexqwang@seismic.com",
    "firstName": "Alex",
    "lastName": "Wang",
    "fullName": "Alex Wang",
    "title": "",
    "organization": "",
    "directGroupIds": ["439qmNtooUWXMlks9hf6Zw"]
  },
  {
    "id": "I_WnMVUWoUGBGpOTm1QC8Q",
    "legacyId": "31a7f523-1655-41a1-811a-93939b5402f1",
    "username": "mma",
    "email": "masonma@seismic.com",
    "firstName": "Mason",
    "lastName": "Ma",
    "fullName": "Mason Ma",
    "title": "",
    "organization": "",
    "directGroupIds": ["439qmNtooUWXMlks9hf6Zw"]
  },
  {
    "id": "X4TbMbiAek-sFrEFa98RFg",
    "legacyId": "31db845f-80b8-4f7a-ac16-b1056bdf1116",
    "username": "RickCreOneGrey",
    "email": "rgrey+rickcreonegrey@seismic.com",
    "firstName": "Rick",
    "lastName": "CreOneGrey",
    "fullName": "Rick CreOneGrey",
    "title": "CreatorOne",
    "organization": "",
    "directGroupIds": [
      "sO9XZS4oW0ysbOqN12j_tA",
      "439qmNtooUWXMlks9hf6Zw",
      "76qpz-yl4UO9RbnFyeifOg"
    ]
  },
  {
    "id": "hNHmMbHdokKqyxxAVS_Xbw",
    "legacyId": "31e6d184-ddb1-42a2-aacb-1c40552fd76f",
    "username": "suzieli@seismic.com",
    "email": "suzieli@seismic.com",
    "firstName": "suzie",
    "lastName": "li",
    "fullName": "suzie li",
    "title": "",
    "organization": "",
    "directGroupIds": ["5mVJsLupH1mPihrcssjcOQ", "439qmNtooUWXMlks9hf6Zw"]
  },
  {
    "id": "aAxGMvigpky8Shnn6jH7qw",
    "legacyId": "32460c68-a0f8-4ca6-bc4a-19e7ea31fbab",
    "username": "anail-learner",
    "email": "anail+learner@seismic.com",
    "firstName": "Abigail Learner",
    "lastName": "Nail",
    "fullName": "Abigail Learner Nail",
    "title": "",
    "organization": "",
    "directGroupIds": ["439qmNtooUWXMlks9hf6Zw"]
  },
  {
    "id": "0fKtMrWSV3o8AVftXIbQzQ",
    "legacyId": "32adf2d1-92b5-7a57-3c01-57ed5c86d0cd",
    "username": "DC-User-5",
    "email": "automationtester1@silvertower.biz",
    "title": "",
    "organization": "",
    "directGroupIds": ["439qmNtooUWXMlks9hf6Zw"]
  },
  {
    "id": "DJajNhnl3Z8bKDlzXrejGw",
    "legacyId": "36a3960c-e519-9fdd-1b28-39735eb7a31b",
    "username": "tucker",
    "email": "tucker.miller@seismic.com",
    "firstName": "Tucker",
    "lastName": "Miller",
    "fullName": "Tucker Miller",
    "title": "",
    "organization": "",
    "directGroupIds": [
      "5mVJsLupH1mPihrcssjcOQ",
      "439qmNtooUWXMlks9hf6Zw",
      "kZ2bysbcMUKKeTI6yet_Dg",
      "ITgQ80D7UEyS2Sr6rhNJWw"
    ],
    "thumbnailId": "067e2aad-3675-48b2-851a-b5dbc8294e18",
    "thumbnailUrl": "https://download-qa01.seismic-dev.com/api/image/v1/tmpurl/images?t=readinesscoachingqa&c=readinesscoachingqa&id=067e2aad-3675-48b2-851a-b5dbc8294e18&requestsize=Small&et=29060168&isfullcontainername=True&sig=hLmsvhhAJiddN7VcWJr1g0%2BvHi4iuv%2FRWuasWFiHL4A%3D"
  },
  {
    "id": "E4MIN1ZoyEG0cboZCR76QA",
    "legacyId": "37088313-6856-41c8-b471-ba19091efa40",
    "username": "Mayuri_more",
    "email": "mayuri_more@persistent.com",
    "firstName": "Mayuri",
    "lastName": "More",
    "fullName": "Mayuri More",
    "title": "",
    "organization": "",
    "directGroupIds": ["qO13JyoFMk-PPAqeTH6Aqg", "439qmNtooUWXMlks9hf6Zw"]
  },
  {
    "id": "7_CeN-SZ206zjUFfrGiexg",
    "legacyId": "379ef0ef-99e4-4edb-b38d-415fac689ec6",
    "username": "rcqa-sdr-one",
    "email": "rgrey+rcqa-sdr-one@seismic.com",
    "firstName": "SDR",
    "lastName": "One",
    "fullName": "SDR One",
    "title": "",
    "organization": "",
    "directGroupIds": ["YV6JAIgobk6nfaf8xH6Dtg", "439qmNtooUWXMlks9hf6Zw"]
  },
  {
    "id": "U85EOJx_Jku-vLUCxyO0rg",
    "legacyId": "3844ce53-7f9c-4b26-bebc-b502c723b4ae",
    "username": "Cart-User-1",
    "email": "automationtester1@silvertower.biz",
    "firstName": "Alice",
    "lastName": "Form.A",
    "fullName": "Alice Form.A",
    "title": "",
    "organization": "",
    "directGroupIds": ["5mVJsLupH1mPihrcssjcOQ", "439qmNtooUWXMlks9hf6Zw"]
  },
  {
    "id": "xVSGOJWRDE2y9nuSUAKc3A",
    "legacyId": "388654c5-9195-4d0c-b2f6-7b9250029cdc",
    "username": "Sonali Bhalke",
    "email": "sonali.bhalke@seismic.com",
    "firstName": "Sonali",
    "lastName": "Bhalke",
    "fullName": "Sonali Bhalke",
    "title": "Super Kings",
    "organization": "",
    "directGroupIds": [
      "ckR9I1UbxkKKppvBSgyCTA",
      "4W_mRTK-WEax6phz9uXBbw",
      "439qmNtooUWXMlks9hf6Zw"
    ]
  },
  {
    "id": "flWLOGnl8muh97H53rgP3Q",
    "legacyId": "388b557e-e569-6bf2-a1f7-b1f9deb80fdd",
    "username": "Freestyle-User-1",
    "email": "renaliu@seismic.com",
    "title": "",
    "organization": "",
    "directGroupIds": ["5mVJsLupH1mPihrcssjcOQ", "439qmNtooUWXMlks9hf6Zw"]
  },
  {
    "id": "0ODLOJJFT0ymD7lt69UxRg",
    "legacyId": "38cbe0d0-4592-4c4f-a60f-b96debd53146",
    "username": "CP",
    "email": "chaitali.pathak@seismic.com",
    "firstName": "Chaitali ",
    "lastName": "Pathak",
    "fullName": "Chaitali Pathak",
    "title": "",
    "organization": "",
    "directGroupIds": ["5mVJsLupH1mPihrcssjcOQ", "439qmNtooUWXMlks9hf6Zw"]
  },
  {
    "id": "I70gORQve9-mIFknUsjh1g",
    "legacyId": "3920bd23-2f14-df7b-a620-592752c8e1d6",
    "username": "WF_Approve1",
    "email": "automationtester2@silvertower.biz",
    "firstName": "WF_Approve1",
    "fullName": "WF_Approve1",
    "title": "",
    "organization": "",
    "directGroupIds": ["439qmNtooUWXMlks9hf6Zw"]
  },
  {
    "id": "ePjhOV0NwUyghfrAF0u91w",
    "legacyId": "39e1f878-0d5d-4cc1-a085-fac0174bbdd7",
    "username": "GS_User_Share",
    "email": "t'seismic@objectivasoftware.com",
    "firstName": "March",
    "lastName": "chen",
    "fullName": "March chen",
    "title": "",
    "organization": "",
    "directGroupIds": ["439qmNtooUWXMlks9hf6Zw"]
  },
  {
    "id": "locKPOY1sUaqre_TGRE3oA",
    "legacyId": "3c0a8796-35e6-46b1-aaad-efd3191137a0",
    "username": "nsmith@seismic.com",
    "email": "nsmith@seismic.com",
    "firstName": "Nick",
    "lastName": "Smith",
    "fullName": "Nick Smith",
    "title": "",
    "organization": "",
    "directGroupIds": ["439qmNtooUWXMlks9hf6Zw"]
  },
  {
    "id": "QxNDPNWyN0yFSO2VSr5_tQ",
    "legacyId": "3c431343-b2d5-4c37-8548-ed954abe7fb5",
    "username": "jqi",
    "email": "jqi@seismic.com",
    "firstName": "JI",
    "lastName": "QI",
    "fullName": "JI QI",
    "title": "",
    "organization": "",
    "directGroupIds": ["5mVJsLupH1mPihrcssjcOQ", "439qmNtooUWXMlks9hf6Zw"]
  },
  {
    "id": "PAbXPPyQs02uMDp4YclleA",
    "legacyId": "3cd7063c-90fc-4db3-ae30-3a7861c96578",
    "username": "rcqa-sdr-admone",
    "email": "rgrey+rcqa-sdr-adm-one@seismic.com",
    "firstName": "SDR",
    "lastName": "AdminOne",
    "fullName": "SDR AdminOne",
    "title": "",
    "organization": "",
    "directGroupIds": ["YV6JAIgobk6nfaf8xH6Dtg", "439qmNtooUWXMlks9hf6Zw"]
  },
  {
    "id": "58nlRXCnJ0WEhHyijp7RWA",
    "legacyId": "45e5c9e7-a770-4527-8484-7ca28e9ed158",
    "username": "prem_manager",
    "email": "prem.methe+manager@seismic.com",
    "firstName": "Prem",
    "lastName": "Manager",
    "fullName": "Prem Manager",
    "title": "",
    "organization": "",
    "directGroupIds": ["439qmNtooUWXMlks9hf6Zw"]
  },
  {
    "id": "akyGRtIDVE29nBCUA4iSnw",
    "legacyId": "46864c6a-03d2-4d54-bd9c-10940388929f",
    "username": "Devashree",
    "email": "devashree.deole@seismic.com",
    "firstName": "Devashree",
    "lastName": "Deole",
    "fullName": "Devashree Deole",
    "title": "",
    "organization": "Go to market - Marketing",
    "directGroupIds": [
      "5mVJsLupH1mPihrcssjcOQ",
      "qO13JyoFMk-PPAqeTH6Aqg",
      "439qmNtooUWXMlks9hf6Zw",
      "JltW6f59B0aMLml9ON3SKA"
    ]
  },
  {
    "id": "s-CRRnM4CECWEmEQGqrCFA",
    "legacyId": "4691e0b3-3873-4008-9612-61101aaac214",
    "username": "RickAdmGrey",
    "email": "rgrey+coachingdevAdm@seismic.com",
    "firstName": "Rick",
    "lastName": "AdmGrey",
    "fullName": "Rick AdmGrey",
    "title": "Admin",
    "organization": "",
    "directGroupIds": [
      "5mVJsLupH1mPihrcssjcOQ",
      "sO9XZS4oW0ysbOqN12j_tA",
      "439qmNtooUWXMlks9hf6Zw"
    ]
  },
  {
    "id": "08OURlbn006ZqR3b8f7d_A",
    "legacyId": "4694c3d3-e756-4ed3-99a9-1ddbf1feddfc",
    "username": "rcqa-ent-two",
    "email": "rgrey+rcqa-ent-two@seismic.com",
    "firstName": "Enterprise",
    "lastName": "Two",
    "fullName": "Enterprise Two",
    "title": "",
    "organization": "",
    "directGroupIds": [
      "mGaZAWUxeEWRh9HWet1aYg",
      "xik0ITbAyk-idn7TUrwx-w",
      "439qmNtooUWXMlks9hf6Zw"
    ]
  },
  {
    "id": "h38RRwkg0a6ioNfi-MiPEQ",
    "legacyId": "47117f87-2009-aed1-a2a0-d7e2f8c88f11",
    "username": "Fuser",
    "email": "automationtester1@silvertower.biz",
    "firstName": "Fuser",
    "lastName": "",
    "fullName": "Fuser",
    "title": "test2",
    "organization": "",
    "directGroupIds": [
      "5mVJsLupH1mPihrcssjcOQ",
      "7I_HNSaWT0meuWuT47DX_Q",
      "HzhcRG6CR_UXggs3fsm4Rw",
      "439qmNtooUWXMlks9hf6Zw",
      "j4vcwxSlaUaikMcekrWcsg",
      "FPsz-pb7LUilI64NacGqPw"
    ]
  },
  {
    "id": "sienTBm8_0WrrgDMLuQDVQ",
    "legacyId": "4ca727b2-bc19-45ff-abae-00cc2ee40355",
    "username": "ctulin",
    "email": "ctulin@seismic.com",
    "firstName": "Chris",
    "lastName": "Tulin",
    "fullName": "Chris Tulin",
    "title": "",
    "organization": "",
    "directGroupIds": ["439qmNtooUWXMlks9hf6Zw"]
  },
  {
    "id": "vQa3TGkZk0uDgFUTkCTSHA",
    "legacyId": "4cb706bd-1969-4b93-8380-55139024d21c",
    "username": "atsedryk",
    "email": "atsedryk@seismic.com",
    "firstName": "Aliaksandr",
    "lastName": "Tsedryk",
    "fullName": "Aliaksandr Tsedryk",
    "title": "",
    "organization": "",
    "directGroupIds": ["5mVJsLupH1mPihrcssjcOQ", "439qmNtooUWXMlks9hf6Zw"]
  },
  {
    "id": "2f5iT0--M0CnkzPTJFhs9Q",
    "legacyId": "4f62fed9-be4f-4033-a793-33d324586cf5",
    "username": "Ishu-2201",
    "email": "ishaan.puri.cd.che19@itbhu.ac.in",
    "firstName": "Ishu",
    "lastName": "Puri",
    "fullName": "Ishu Puri",
    "title": "",
    "organization": "",
    "directGroupIds": ["439qmNtooUWXMlks9hf6Zw"]
  },
  {
    "id": "HW4fUAvMWITKYYLr6M1rJQ",
    "legacyId": "501f6e1d-cc0b-8458-ca61-82ebe8cd6b25",
    "username": "CM_User1",
    "email": "automationtester2@silvertower.biz",
    "firstName": "CM_User1",
    "lastName": "ContentManager",
    "fullName": "CM_User1 ContentManager",
    "title": "",
    "organization": "",
    "directGroupIds": ["439qmNtooUWXMlks9hf6Zw"]
  },
  {
    "id": "mIigUS2WJYsPJhftrU5Xjg",
    "legacyId": "51a08898-962d-8b25-0f26-17edad4e578e",
    "username": "ES_user1",
    "email": "t'seismic@objectivasoftware.com",
    "firstName": "User1",
    "lastName": "Elastic Search",
    "fullName": "User1 Elastic Search",
    "title": "QA",
    "organization": "",
    "directGroupIds": ["439qmNtooUWXMlks9hf6Zw"]
  },
  {
    "id": "iWpRUn-lQU2nHBNzP3ULxA",
    "legacyId": "52516a89-a57f-4d41-a71c-13733f750bc4",
    "username": "sejal.nagpure@seismic.com",
    "email": "sejal.nagpure@seismic.com",
    "firstName": "Sejal",
    "lastName": "Nagpure",
    "fullName": "Sejal Nagpure",
    "title": "",
    "organization": "",
    "directGroupIds": ["439qmNtooUWXMlks9hf6Zw"]
  },
  {
    "id": "TeseVTvFl0a9N7FzR0cnQQ",
    "legacyId": "551eeb4d-c53b-4697-bd37-b17347472741",
    "username": "GS_User_Hidden folder",
    "email": "automationtester1@silvertower.biz",
    "firstName": "February",
    "lastName": "chen",
    "fullName": "February chen",
    "title": "",
    "organization": "",
    "directGroupIds": ["439qmNtooUWXMlks9hf6Zw"]
  },
  {
    "id": "GSZmWYYLEUu6LV2Gq9eSwA",
    "legacyId": "59662619-0b86-4b11-ba2d-5d86abd792c0",
    "username": "antonlearning",
    "email": "antonyeung11@gmail.com",
    "firstName": "Anton",
    "lastName": "Yeung",
    "fullName": "Anton Yeung",
    "title": "",
    "organization": "",
    "directGroupIds": ["439qmNtooUWXMlks9hf6Zw"]
  },
  {
    "id": "KoUVW6QJlES-gMoX04sg3A",
    "legacyId": "5b15852a-09a4-4494-be80-ca17d38b20dc",
    "username": "ssakamoto@seismic.com",
    "email": "ssakamoto@seismic.com",
    "firstName": "Sara",
    "lastName": "Sakamoto",
    "fullName": "Sara Sakamoto",
    "title": "",
    "organization": "",
    "directGroupIds": ["5mVJsLupH1mPihrcssjcOQ", "439qmNtooUWXMlks9hf6Zw"]
  },
  {
    "id": "EiMDXvEDxEmSw7Gk7Yh77w",
    "legacyId": "5e032312-03f1-49c4-92c3-b1a4ed887bef",
    "username": "cwang",
    "email": "carsonwang@seismic.com",
    "firstName": "Carson",
    "lastName": "Wang",
    "fullName": "Carson Wang",
    "title": "",
    "organization": "",
    "directGroupIds": ["439qmNtooUWXMlks9hf6Zw"]
  },
  {
    "id": "V54nXn_cWUK3UPnb2Mht0A",
    "legacyId": "5e279e57-dc7f-4259-b750-f9dbd8c86dd0",
    "username": "sarah",
    "email": "asinha+u2@seismic.com",
    "firstName": "Sarah",
    "lastName": "Lee",
    "fullName": "Sarah Lee",
    "title": "Account Executive I",
    "organization": "Sales & Marketing",
    "directGroupIds": [
      "4W_mRTK-WEax6phz9uXBbw",
      "g_GhZYYRcUibmFZEmLfBzw",
      "439qmNtooUWXMlks9hf6Zw"
    ],
    "thumbnailId": "20150da9-e7ba-4450-92a9-2c35f21753f9",
    "thumbnailUrl": "https://download-qa01.seismic-dev.com/api/image/v1/tmpurl/images?t=readinesscoachingqa&c=readinesscoachingqa&id=20150da9-e7ba-4450-92a9-2c35f21753f9&requestsize=Small&et=29060168&isfullcontainername=True&sig=iDecDqd9O8qu2tgmm3Z4cHqpEXOgUInhB8QDJzKjMOg%3D"
  },
  {
    "id": "G9q0X23MwE-O4QjQDaAC0A",
    "legacyId": "5fb4da1b-cc6d-4fc0-8ee1-08d00da002d0",
    "username": "Swapnil Purigosavi",
    "email": "spurigosavi@seismic.com",
    "firstName": "Swapnil",
    "lastName": "Purigosavi",
    "fullName": "Swapnil Purigosavi",
    "title": "Super Kings",
    "organization": "",
    "directGroupIds": [
      "ckR9I1UbxkKKppvBSgyCTA",
      "4W_mRTK-WEax6phz9uXBbw",
      "439qmNtooUWXMlks9hf6Zw"
    ]
  },
  {
    "id": "GMYhYN3SDU6sIcro9dSJcg",
    "legacyId": "6021c618-d2dd-4e0d-ac21-cae8f5d48972",
    "username": "GS_User1",
    "email": "automationtester1@silvertower.biz",
    "title": "",
    "organization": "",
    "directGroupIds": ["HzhcRG6CR_UXggs3fsm4Rw", "439qmNtooUWXMlks9hf6Zw"]
  },
  {
    "id": "WDt0YHdTu06hb0ElfRMhgw",
    "legacyId": "60743b58-5377-4ebb-a16f-41257d132183",
    "username": "Cart-User-4",
    "email": "automationtester1@silvertower.biz",
    "firstName": "Dave",
    "lastName": "Form-D",
    "fullName": "Dave Form-D",
    "title": "",
    "organization": "",
    "directGroupIds": ["5mVJsLupH1mPihrcssjcOQ", "439qmNtooUWXMlks9hf6Zw"]
  },
  {
    "id": "pMQSYi5LZUGMpJq6O57Pmg",
    "legacyId": "6212c4a4-4b2e-4165-8ca4-9aba3b9ecf9a",
    "username": "claudia",
    "email": "asinha+u3@seismic.com",
    "firstName": "Claudia",
    "lastName": "Constance",
    "fullName": "Claudia Constance",
    "title": "Account Executive I",
    "organization": "Sales Engineering",
    "directGroupIds": [
      "4W_mRTK-WEax6phz9uXBbw",
      "g_GhZYYRcUibmFZEmLfBzw",
      "439qmNtooUWXMlks9hf6Zw"
    ],
    "thumbnailId": "13efa613-9d07-414e-9c12-5db04155774b",
    "thumbnailUrl": "https://download-qa01.seismic-dev.com/api/image/v1/tmpurl/images?t=readinesscoachingqa&c=readinesscoachingqa&id=13efa613-9d07-414e-9c12-5db04155774b&requestsize=Small&et=29060168&isfullcontainername=True&sig=hqDRpCb5Watd4bC%2F4tQyHIwk5B%2ByWJaLxoIMKnXCv4I%3D"
  },
  {
    "id": "HiljYvM7QR5PDdyOUdIqtg",
    "legacyId": "6263291e-3bf3-1e41-4f0d-dc8e51d22ab6",
    "username": "DCBMobile",
    "email": "automationtester1@silvertower.biz",
    "title": "",
    "organization": "",
    "directGroupIds": ["439qmNtooUWXMlks9hf6Zw"]
  },
  {
    "id": "pvO5YjFfbkCwwcKXB30yNg",
    "legacyId": "62b9f3a6-5f31-406e-b0c1-c297077d3236",
    "username": "Test user sync1",
    "email": "usersynctest1@seismic.com",
    "firstName": "TestUserSync1",
    "lastName": "TestUserSync1",
    "fullName": "TestUserSync1 TestUserSync1",
    "title": "",
    "organization": "",
    "directGroupIds": ["439qmNtooUWXMlks9hf6Zw"]
  },
  {
    "id": "2E49Y-LMjU6eTJMxyJNoFw",
    "legacyId": "633d4ed8-cce2-4e8d-9e4c-9331c8936817",
    "username": "usersynctest2",
    "email": "usersynctest2@seismic.com",
    "firstName": " usersynctest2",
    "lastName": " usersynctest2",
    "fullName": "usersynctest2 usersynctest2",
    "title": "",
    "organization": "",
    "directGroupIds": ["439qmNtooUWXMlks9hf6Zw"]
  },
  {
    "id": "vvUOZS77iU6BS46EG2u8_g",
    "legacyId": "650ef5be-fb2e-4e89-814b-8e841b6bbcfe",
    "username": "Test",
    "email": "asinha+tm@seismic.com",
    "firstName": "Top",
    "lastName": "Manager",
    "fullName": "Top Manager",
    "title": "",
    "organization": "",
    "directGroupIds": ["5mVJsLupH1mPihrcssjcOQ", "439qmNtooUWXMlks9hf6Zw"]
  },
  {
    "id": "HHO9ZzNKcEq18I0RDJBOtg",
    "legacyId": "67bd731c-4a33-4a70-b5f0-8d110c904eb6",
    "username": "pgalayda@seismic.com",
    "email": "pgalayda@seismic.com",
    "firstName": "Pasha",
    "lastName": "Galayda",
    "fullName": "Pasha Galayda",
    "title": "",
    "organization": "",
    "directGroupIds": ["5mVJsLupH1mPihrcssjcOQ", "439qmNtooUWXMlks9hf6Zw"]
  },
  {
    "id": "uoNmaIDDp0eNFj4DkiGWIQ",
    "legacyId": "686683ba-c380-47a7-8d16-3e0392219621",
    "username": "Denise Admin",
    "email": "dmcfayden+admin@seismic.com",
    "firstName": "Denise",
    "lastName": "Admin",
    "fullName": "Denise Admin",
    "title": "",
    "organization": "",
    "directGroupIds": ["439qmNtooUWXMlks9hf6Zw"]
  },
  {
    "id": "GUKpaNr6q0GMQ6T3tGBZcg",
    "legacyId": "68a94219-fada-41ab-8c43-a4f7b4605972",
    "username": "kdong",
    "email": "kennydong@seismic.com",
    "firstName": "Kenny",
    "lastName": "Dong",
    "fullName": "Kenny Dong",
    "title": "",
    "organization": "",
    "directGroupIds": ["439qmNtooUWXMlks9hf6Zw"]
  },
  {
    "id": "lbLaaLtuCE26O1PRsfK5Vw",
    "legacyId": "68dab295-6ebb-4d08-ba3b-53d1b1f2b957",
    "username": "Dumy_user",
    "email": "ishaanpuri2201@gmail.com",
    "firstName": "Dummy",
    "lastName": "User",
    "fullName": "Dummy User",
    "title": "",
    "organization": "",
    "directGroupIds": ["439qmNtooUWXMlks9hf6Zw"]
  },
  {
    "id": "jV5Na9TC8UC6JrcI7PLG4Q",
    "legacyId": "6b4d5e8d-c2d4-40f1-ba26-b708ecf2c6e1",
    "username": "testuser4",
    "email": "testuser4@example.com",
    "firstName": "test",
    "lastName": "user4",
    "fullName": "test user4",
    "title": "",
    "organization": "",
    "directGroupIds": ["439qmNtooUWXMlks9hf6Zw"]
  },
  {
    "id": "2J-2azWbnUmcO6QoeqwvIw",
    "legacyId": "6bb69fd8-9b35-499d-9c3b-a4287aac2f23",
    "username": "DC-User-1",
    "email": "T'seismic@objectivasoftware.com",
    "title": "",
    "organization": "",
    "directGroupIds": ["5mVJsLupH1mPihrcssjcOQ", "439qmNtooUWXMlks9hf6Zw"]
  },
  {
    "id": "mUavbHWb9UiNSsrYcUxfAA",
    "legacyId": "6caf4699-9b75-48f5-8d4a-cad8714c5f00",
    "username": "pfowler",
    "email": "pfowler@seismic.com",
    "firstName": "Patrick",
    "lastName": "Fowler",
    "fullName": "Patrick Fowler",
    "title": "",
    "organization": "",
    "directGroupIds": [
      "5mVJsLupH1mPihrcssjcOQ",
      "J6uKkLHRukOOqf74KSB9Ng",
      "439qmNtooUWXMlks9hf6Zw"
    ]
  },
  {
    "id": "9pjhbJDmu0uM98xRPI8LyQ",
    "legacyId": "6ce198f6-e690-4bbb-8cf7-cc513c8f0bc9",
    "username": "ccreator",
    "email": "clim+coachingqacreator@seismic.com",
    "firstName": "Cheng",
    "lastName": "Creator",
    "fullName": "Cheng Creator",
    "title": "",
    "organization": "",
    "directGroupIds": ["439qmNtooUWXMlks9hf6Zw"]
  },
  {
    "id": "L8sibpeweXbmhP8IVTgnhQ",
    "legacyId": "6e22cb2f-b097-7679-e684-ff0855382785",
    "username": "Freestyle-User-2",
    "email": "renaliu@seismic.com",
    "title": "",
    "organization": "",
    "directGroupIds": ["5mVJsLupH1mPihrcssjcOQ", "439qmNtooUWXMlks9hf6Zw"]
  },
  {
    "id": "TYwrbrX6mUykfqTD435liA",
    "legacyId": "6e2b8c4d-fab5-4c99-a47e-a4c3e37e6588",
    "username": "nayan_learner",
    "email": "nayan.gupta+leaner@seismic.com",
    "firstName": "nayan",
    "lastName": "learner",
    "fullName": "nayan learner",
    "title": "",
    "organization": "",
    "directGroupIds": ["439qmNtooUWXMlks9hf6Zw"]
  },
  {
    "id": "peVvcN2rAUapD05TuV1Nww",
    "legacyId": "706fe5a5-abdd-4601-a90f-4e53b95d4dc3",
    "username": "RickDeletedManager01",
    "email": "rgrey+delmgr01@seismic.com",
    "firstName": "Rick",
    "lastName": "DeletedManager01",
    "fullName": "Rick DeletedManager01",
    "title": "",
    "organization": "",
    "directGroupIds": [
      "1ls3BU2PukGNPQBhIE84fg",
      "sO9XZS4oW0ysbOqN12j_tA",
      "439qmNtooUWXMlks9hf6Zw"
    ]
  },
  {
    "id": "-FYhcg2C3U698OMGJutTwA",
    "legacyId": "722156f8-820d-4edd-bdf0-e30626eb53c0",
    "username": "RickLeaOneGrey",
    "email": "rgrey+rickleaonegrey@seismic.com",
    "firstName": "Rick",
    "lastName": "LeaOneGrey",
    "fullName": "Rick LeaOneGrey",
    "title": "First Learner!",
    "organization": "",
    "directGroupIds": [
      "sO9XZS4oW0ysbOqN12j_tA",
      "439qmNtooUWXMlks9hf6Zw",
      "76qpz-yl4UO9RbnFyeifOg"
    ]
  },
  {
    "id": "T7yqcr5nvUOZ_D6QJAfcCA",
    "legacyId": "72aabc4f-67be-43bd-99fc-3e902407dc08",
    "username": "RickRoleyGrey",
    "email": "rgrey+rickroleygrey@seismic.com",
    "firstName": "Rick",
    "lastName": "RoleyGrey",
    "fullName": "Rick RoleyGrey",
    "title": "Roley",
    "organization": "",
    "directGroupIds": [
      "sO9XZS4oW0ysbOqN12j_tA",
      "439qmNtooUWXMlks9hf6Zw",
      "76qpz-yl4UO9RbnFyeifOg"
    ]
  },
  {
    "id": "b4ledL7ll0aD4gJxOL0Oeg",
    "legacyId": "745e896f-e5be-4697-83e2-027138bd0e7a",
    "username": "rcqa-ent-four",
    "email": "rgrey+rcqa-ent-four@seismic.com",
    "firstName": "Enterprise",
    "lastName": "Four",
    "fullName": "Enterprise Four",
    "title": "",
    "organization": "",
    "directGroupIds": ["mGaZAWUxeEWRh9HWet1aYg", "439qmNtooUWXMlks9hf6Zw"]
  },
  {
    "id": "gLCtdfR65E-M_KgsblUgkw",
    "legacyId": "75adb080-7af4-4fe4-8cfc-a82c6e552093",
    "username": "DC-User-3",
    "email": "susansha@objectivasoftware.com",
    "title": "",
    "organization": "",
    "directGroupIds": ["439qmNtooUWXMlks9hf6Zw"]
  },
  {
    "id": "GsLAdU40dE6v3QG9H7Rnyw",
    "legacyId": "75c0c21a-344e-4e74-afdd-01bd1fb467cb",
    "username": "adityaku",
    "email": "akulkarni@seismic.com",
    "firstName": "aditya",
    "lastName": "kulkarni",
    "fullName": "aditya kulkarni",
    "title": "",
    "organization": "",
    "directGroupIds": ["439qmNtooUWXMlks9hf6Zw"]
  },
  {
    "id": "XBkFd5CmWE2lqHm0_dT6NA",
    "legacyId": "7705195c-a690-4d58-a5a8-79b4fdd4fa34",
    "username": "ayueng",
    "email": "ayeung@seismic.com",
    "firstName": "Anton",
    "lastName": "Yueng",
    "fullName": "Anton Yueng",
    "title": "",
    "organization": "",
    "directGroupIds": ["5mVJsLupH1mPihrcssjcOQ", "439qmNtooUWXMlks9hf6Zw"]
  },
  {
    "id": "UidKd_i1aE2C8NXGbgoPYg",
    "legacyId": "774a2752-b5f8-4d68-82f0-d5c66e0a0f62",
    "username": "admin-michon",
    "email": "medmondson+admin@seismic.com",
    "firstName": "Michon",
    "lastName": "damons",
    "fullName": "Michon damons",
    "title": "",
    "organization": "",
    "directGroupIds": ["439qmNtooUWXMlks9hf6Zw"]
  },
  {
    "id": "de2Ed9uVsUGB10gHPPo2zA",
    "legacyId": "7784ed75-95db-41b1-81d7-48073cfa36cc",
    "username": "shamika_learner",
    "email": "shamika.palyekar+learner@seismic.com",
    "firstName": "shamika",
    "lastName": "learner",
    "fullName": "shamika learner",
    "title": "",
    "organization": "",
    "directGroupIds": ["439qmNtooUWXMlks9hf6Zw"]
  },
  {
    "id": "h6KueJyhlkycLwHu0N9nQw",
    "legacyId": "78aea287-a19c-4c96-9c2f-01eed0df6743",
    "username": "rcqa-sdr-four",
    "email": "rgrey+rcqa-sdr-four@seismic.com",
    "firstName": "SDR",
    "lastName": "Four",
    "fullName": "SDR Four",
    "title": "",
    "organization": "",
    "directGroupIds": ["YV6JAIgobk6nfaf8xH6Dtg", "439qmNtooUWXMlks9hf6Zw"]
  },
  {
    "id": "EZ8OfLWpf0SSZ18n2CN-Qw",
    "legacyId": "7c0e9f11-a9b5-447f-9267-5f27d8237e43",
    "username": "asinha_biz",
    "email": "asinha+biz@seismic.com",
    "firstName": "Amit",
    "lastName": "Biz",
    "fullName": "Amit Biz",
    "title": "",
    "organization": "",
    "directGroupIds": ["FPsz-pb7LUilI64NacGqPw", "439qmNtooUWXMlks9hf6Zw"]
  },
  {
    "id": "PLYgfC6JsEe5OGU6LaPiKQ",
    "legacyId": "7c20b63c-892e-47b0-b938-653a2da3e229",
    "username": "shamika_palyekar",
    "email": "shamika.palyekar@seismic.com",
    "firstName": "shamika",
    "lastName": "palyekar",
    "fullName": "shamika palyekar",
    "title": "",
    "organization": "",
    "directGroupIds": [
      "5mVJsLupH1mPihrcssjcOQ",
      "OgyZGng8yk6kTuH5PXShqw",
      "_JUAN7KfRkGie0FusjjsVw",
      "439qmNtooUWXMlks9hf6Zw"
    ]
  },
  {
    "id": "gi8hfSy_qEWmkyUbsiqWHw",
    "legacyId": "7d212f82-bf2c-45a8-a693-251bb22a961f",
    "username": "DC-User-2",
    "email": "susansha@objectivasoftware.com",
    "title": "",
    "organization": "",
    "directGroupIds": ["439qmNtooUWXMlks9hf6Zw"]
  },
  {
    "id": "BKSWfWR800K7aCGo6nVh3Q",
    "legacyId": "7d96a404-7c64-42d3-bb68-21a8ea7561dd",
    "username": "medmondson@seismic.com",
    "email": "medmondson@seismic.com",
    "firstName": "Michon",
    "lastName": "Edmondson",
    "fullName": "Michon Edmondson",
    "title": "",
    "organization": "",
    "directGroupIds": [
      "5mVJsLupH1mPihrcssjcOQ",
      "rxffwfiBv0CkUAotlI8XaQ",
      "439qmNtooUWXMlks9hf6Zw"
    ]
  },
  {
    "id": "uzQ9fml3eouTtG6rBsUvtg",
    "legacyId": "7e3d34bb-7769-8b7a-93b4-6eab06c52fb6",
    "username": "sendas",
    "email": "yolandachen@seismic.com",
    "firstName": "Sendas",
    "lastName": "EmailBlast",
    "fullName": "Sendas EmailBlast",
    "title": "",
    "organization": "",
    "directGroupIds": ["439qmNtooUWXMlks9hf6Zw"]
  },
  {
    "id": "RGa1gJWKGkqr2WLpuyQmBQ",
    "legacyId": "80b56644-8a95-4a1a-abd9-62e9bb242605",
    "username": "WS_User_1",
    "email": "automationtester2@silvertower.biz",
    "title": "",
    "organization": "",
    "directGroupIds": ["439qmNtooUWXMlks9hf6Zw"]
  },
  {
    "id": "vlRugQ3n8kGDlkFqYzi-Sw",
    "legacyId": "816e54be-e70d-41f2-8396-416a6338be4b",
    "username": "sejal_learner",
    "email": "sejal.nagpure+learner@seismic.com",
    "firstName": "sejal",
    "lastName": "learner",
    "fullName": "sejal learner",
    "title": "",
    "organization": "",
    "directGroupIds": ["439qmNtooUWXMlks9hf6Zw"]
  },
  {
    "id": "BjbUgTWCt0ihqHqY0A6pSA",
    "legacyId": "81d43606-8235-48b7-a1a8-7a98d00ea948",
    "username": "rcqa-ent-mgrone",
    "email": "rgrey+rcqa-ent-mgr-one@seismic.com",
    "firstName": "Enterprise",
    "lastName": "MgrOne",
    "fullName": "Enterprise MgrOne",
    "title": "",
    "organization": "",
    "directGroupIds": ["mGaZAWUxeEWRh9HWet1aYg", "439qmNtooUWXMlks9hf6Zw"]
  },
  {
    "id": "MW8bhKfG5UK4kBkxSOnOjw",
    "legacyId": "841b6f31-c6a7-42e5-b890-193148e9ce8f",
    "username": "oliu",
    "email": "olivialiu@seismic.com",
    "firstName": "Olivia",
    "lastName": "Liu",
    "fullName": "Olivia Liu",
    "title": "",
    "organization": "",
    "directGroupIds": ["439qmNtooUWXMlks9hf6Zw"]
  },
  {
    "id": "HsGfhHTUNkaIMMVjn4-Ddw",
    "legacyId": "849fc11e-d474-4636-8830-c5639f8f8377",
    "username": "testuser5",
    "email": "mdilts+testuser5@seismic.com",
    "firstName": "test",
    "lastName": "user5",
    "fullName": "test user5",
    "title": "",
    "organization": "",
    "directGroupIds": ["439qmNtooUWXMlks9hf6Zw"]
  },
  {
    "id": "pWA2hfkMMUCkxEfMzjVlAA",
    "legacyId": "853660a5-0cf9-4031-a4c4-47ccce356500",
    "username": "anail",
    "email": "anail@seismic.com",
    "firstName": "Abigail",
    "lastName": "Nail",
    "fullName": "Abigail Nail",
    "title": "",
    "organization": "",
    "directGroupIds": [
      "5mVJsLupH1mPihrcssjcOQ",
      "439qmNtooUWXMlks9hf6Zw",
      "kZ2bysbcMUKKeTI6yet_Dg"
    ]
  },
  {
    "id": "OFMni8q6fkSY9aGXPJS0WQ",
    "legacyId": "8b275338-baca-447e-98f5-a1973c94b459",
    "username": "Hari",
    "email": "Hariom.kumar@seismic.com",
    "firstName": "Hariom",
    "lastName": "Kumar",
    "fullName": "Hariom Kumar",
    "title": "",
    "organization": "",
    "directGroupIds": [
      "5mVJsLupH1mPihrcssjcOQ",
      "rxffwfiBv0CkUAotlI8XaQ",
      "JltW6f59B0aMLml9ON3SKA",
      "439qmNtooUWXMlks9hf6Zw"
    ]
  },
  {
    "id": "Fmjoi4MIHkS2X_Nc6g2zQw",
    "legacyId": "8be86816-0883-441e-b65f-f35cea0db343",
    "username": "may30example",
    "email": "tucker+.miller@seismic.com",
    "firstName": "TuckerAdmin",
    "lastName": "Example",
    "fullName": "TuckerAdmin Example",
    "title": "",
    "organization": "",
    "directGroupIds": [
      "5mVJsLupH1mPihrcssjcOQ",
      "kZ2bysbcMUKKeTI6yet_Dg",
      "439qmNtooUWXMlks9hf6Zw"
    ]
  },
  {
    "id": "QdpKjGGyCW7tlceOXMafDg",
    "legacyId": "8c4ada41-b261-6e09-ed95-c78e5cc69f0e",
    "username": "profileuser",
    "email": "automationtester2@silvertower.biz",
    "title": "",
    "organization": "",
    "directGroupIds": ["W98mlFezIWD-sgPOIUhy_Q", "439qmNtooUWXMlks9hf6Zw"]
  },
  {
    "id": "s-SvjJ5jiEOoTgZpI0y6Ag",
    "legacyId": "8cafe4b3-639e-4388-a84e-0669234cba02",
    "username": "Megha Meshram",
    "email": "mmeshram@seismic.com",
    "firstName": "Megha",
    "lastName": "Meshram",
    "fullName": "Megha Meshram",
    "title": "Super Kings",
    "organization": "",
    "directGroupIds": [
      "ckR9I1UbxkKKppvBSgyCTA",
      "4W_mRTK-WEax6phz9uXBbw",
      "439qmNtooUWXMlks9hf6Zw"
    ]
  },
  {
    "id": "5h3rjFyRfk6Cg_t3JKoCtg",
    "legacyId": "8ceb1de6-915c-4e7e-8283-fb7724aa02b6",
    "username": "itijerina-admin",
    "email": "itijerina+admin@seismic.com",
    "firstName": "Isabel",
    "lastName": "Tijerina - Admin",
    "fullName": "Isabel Tijerina - Admin",
    "title": "",
    "organization": "",
    "directGroupIds": ["439qmNtooUWXMlks9hf6Zw"]
  },
  {
    "id": "vJxXjv3toEGMhCZ1yk4k2Q",
    "legacyId": "8e579cbc-edfd-41a0-8c84-2675ca4e24d9",
    "username": "prem+learner",
    "email": "prem.methe+learner@seismic.com",
    "firstName": "Prem",
    "lastName": "Methe Learner",
    "fullName": "Prem Methe Learner",
    "title": "",
    "organization": "",
    "directGroupIds": ["3EpwWX5WskmicQED9LjGjw", "439qmNtooUWXMlks9hf6Zw"]
  },
  {
    "id": "CdAOj4vdhU-j6UdCjX6oNw",
    "legacyId": "8f0ed009-dd8b-4f85-a3e9-47428d7ea837",
    "username": "gauri",
    "email": "ggujar@seismic.com",
    "firstName": "Gauri",
    "lastName": "Gujar",
    "fullName": "Gauri Gujar",
    "title": "Super Kings",
    "organization": "",
    "directGroupIds": [
      "4W_mRTK-WEax6phz9uXBbw",
      "9Laz9R2EWUqaVgj3j7Nowg",
      "439qmNtooUWXMlks9hf6Zw"
    ]
  },
  {
    "id": "R31akBxxMEOwyzzI-cONcw",
    "legacyId": "905a7d47-711c-4330-b0cb-3cc8f9c38d73",
    "username": "pbadave",
    "email": "pbadave+learner@seismic.com",
    "firstName": "Prasad",
    "lastName": "Badave",
    "fullName": "Prasad Badave",
    "title": "",
    "organization": "",
    "directGroupIds": ["439qmNtooUWXMlks9hf6Zw"]
  },
  {
    "id": "EyCzk0mf1lDKiHia-MIlZA",
    "legacyId": "93b32013-9f49-50d6-ca88-789af8c22564",
    "username": "Email_GraphAPI",
    "email": "edsauto@bastet.onmicrosoft.com",
    "title": "",
    "organization": "",
    "directGroupIds": ["439qmNtooUWXMlks9hf6Zw"]
  },
  {
    "id": "_Sv-k8YmLkNB-McGI0Honw",
    "legacyId": "93fe2bfd-26c6-432e-41f8-c7062341e89f",
    "username": "GraphAPIDelegate",
    "email": "colinli@seismicemailtest.onmicrosoft.com",
    "title": "",
    "organization": "",
    "directGroupIds": ["439qmNtooUWXMlks9hf6Zw"]
  },
  {
    "id": "OVT1lK2yEk6Dw5KZf3DC_A",
    "legacyId": "94f55439-b2ad-4e12-83c3-92997f70c2fc",
    "username": "RickAdmTwoGrey",
    "email": "rgrey+coachingdevadmtwo@seismic.com",
    "firstName": "Rick",
    "lastName": "AdmTwoGrey",
    "fullName": "Rick AdmTwoGrey",
    "title": "Second Admin",
    "organization": "",
    "directGroupIds": [
      "5mVJsLupH1mPihrcssjcOQ",
      "xik0ITbAyk-idn7TUrwx-w",
      "sO9XZS4oW0ysbOqN12j_tA",
      "439qmNtooUWXMlks9hf6Zw"
    ]
  },
  {
    "id": "8IkDmgaeFkKcuWMdfrNcig",
    "legacyId": "9a0389f0-9e06-4216-9cb9-631d7eb35c8a",
    "username": "bmoody_viewSSR",
    "email": "blakecmoody1978+viewSSR@gmail.com",
    "firstName": "Blake",
    "lastName": "Moody",
    "fullName": "Blake Moody",
    "title": "",
    "organization": "",
    "directGroupIds": ["439qmNtooUWXMlks9hf6Zw"]
  },
  {
    "id": "KjQ-mwAFvEaZ1f1QHf4amQ",
    "legacyId": "9b3e342a-0500-46bc-99d5-fd501dfe1a99",
    "username": "dlindgren@seismic.com",
    "email": "dlindgren@seismic.com",
    "firstName": "David",
    "lastName": "lindgren",
    "fullName": "David lindgren",
    "title": "",
    "organization": "",
    "directGroupIds": [
      "5mVJsLupH1mPihrcssjcOQ",
      "439qmNtooUWXMlks9hf6Zw",
      "j4vcwxSlaUaikMcekrWcsg"
    ]
  },
  {
    "id": "QTxgnfPEP0WHU1pZbSosYg",
    "legacyId": "9d603c41-c4f3-453f-8753-5a596d2a2c62",
    "username": "amrutas",
    "email": "ashelar@seismic.com",
    "firstName": "Amruta",
    "lastName": "Shelar",
    "fullName": "Amruta Shelar",
    "title": "Sales Engineer",
    "organization": "",
    "directGroupIds": [
      "4W_mRTK-WEax6phz9uXBbw",
      "g_GhZYYRcUibmFZEmLfBzw",
      "439qmNtooUWXMlks9hf6Zw"
    ],
    "thumbnailId": "bcd64f82-78a6-4d87-a60a-6390f88f8a71",
    "thumbnailUrl": "https://download-qa01.seismic-dev.com/api/image/v1/tmpurl/images?t=readinesscoachingqa&c=readinesscoachingqa&id=bcd64f82-78a6-4d87-a60a-6390f88f8a71&requestsize=Small&et=29060168&isfullcontainername=True&sig=rIyIUAMfU%2Fd70wYyNh9ONKLdcEna9U8xJ5LzEHgz2MI%3D"
  },
  {
    "id": "dwipnq6gmUy64JLbuX_DoQ",
    "legacyId": "9ea90877-a0ae-4c99-bae0-92dbb97fc3a1",
    "username": "RickLeaTwoGrey",
    "email": "rgrey+rickleatwogrey@seismic.com",
    "firstName": "Rick",
    "lastName": "LeaTwoGrey",
    "fullName": "Rick LeaTwoGrey",
    "title": "LearnerTwo",
    "organization": "",
    "directGroupIds": [
      "xik0ITbAyk-idn7TUrwx-w",
      "sO9XZS4oW0ysbOqN12j_tA",
      "439qmNtooUWXMlks9hf6Zw"
    ]
  },
  {
    "id": "7lckn1EhUE-7bGLFmQ0jPQ",
    "legacyId": "9f2457ee-2151-4f50-bb6c-62c5990d233d",
    "username": "RickCreTwoGrey",
    "email": "rgrey+rickcretwogrey@seismic.com",
    "firstName": "Rick",
    "lastName": "CreTwoGrey",
    "fullName": "Rick CreTwoGrey",
    "title": "CreatorTwo",
    "organization": "",
    "directGroupIds": [
      "xik0ITbAyk-idn7TUrwx-w",
      "sO9XZS4oW0ysbOqN12j_tA",
      "439qmNtooUWXMlks9hf6Zw"
    ]
  },
  {
    "id": "1ZU0oCT7qU2lSGUlkafsPQ",
    "legacyId": "a03495d5-fb24-4da9-a548-652591a7ec3d",
    "username": "mayuri_admin",
    "email": "mayuri.more+admin@seismic.com",
    "firstName": "mayuri",
    "lastName": "more 1",
    "fullName": "mayuri more 1",
    "title": "",
    "organization": "",
    "directGroupIds": ["439qmNtooUWXMlks9hf6Zw"]
  },
  {
    "id": "Pw3cooRJgkSBc_gSujKS1A",
    "legacyId": "a2dc0d3f-4984-4482-8173-f812ba3292d4",
    "username": "Kim",
    "email": "test@seismic.com",
    "firstName": "Kim",
    "lastName": "Hun",
    "fullName": "Kim Hun",
    "title": "",
    "organization": "",
    "directGroupIds": ["439qmNtooUWXMlks9hf6Zw"]
  },
  {
    "id": "rAf2o58utkqRpYNS7HA9dw",
    "legacyId": "a3f607ac-2e9f-4ab6-91a5-8352ec703d77",
    "username": "ravik",
    "email": "rKushavaha@seismic.com",
    "firstName": "Ravi",
    "lastName": "Kushavaha",
    "fullName": "Ravi Kushavaha",
    "title": "Super Kings",
    "organization": "",
    "directGroupIds": [
      "4W_mRTK-WEax6phz9uXBbw",
      "439qmNtooUWXMlks9hf6Zw",
      "9Laz9R2EWUqaVgj3j7Nowg"
    ],
    "thumbnailId": "c1b52816-a4ef-4dcf-bc87-6fc99b69445f",
    "thumbnailUrl": "https://download-qa01.seismic-dev.com/api/image/v1/tmpurl/images?t=readinesscoachingqa&c=readinesscoachingqa&id=c1b52816-a4ef-4dcf-bc87-6fc99b69445f&requestsize=Small&et=29060168&isfullcontainername=True&sig=5E0siUSEAOJCrfFKRuxGtGJNxvphWFoA%2FvmLlFbh1Bc%3D"
  },
  {
    "id": "wpgzpKUiOEivBKoAfyUktQ",
    "legacyId": "a43398c2-22a5-4838-af04-aa007f2524b5",
    "username": "sagar_learner",
    "email": "sagar.revankar+learner@seismic.com",
    "firstName": "sagar",
    "lastName": "learner",
    "fullName": "sagar learner",
    "title": "",
    "organization": "",
    "directGroupIds": ["439qmNtooUWXMlks9hf6Zw"]
  },
  {
    "id": "zJrkpjgTk0KP-Lv3cA_Mqw",
    "legacyId": "a6e49acc-1338-4293-8ff8-bbf7700fccab",
    "username": "priyal",
    "email": "preja@seismic.com",
    "firstName": "Priyal",
    "lastName": "Reja",
    "fullName": "Priyal Reja",
    "title": "Super Kings",
    "organization": "",
    "directGroupIds": [
      "4W_mRTK-WEax6phz9uXBbw",
      "439qmNtooUWXMlks9hf6Zw",
      "9Laz9R2EWUqaVgj3j7Nowg"
    ]
  },
  {
    "id": "TWMDp-Emt4Mv_lGvLv-WtQ",
    "legacyId": "a703634d-26e1-83b7-2ffe-51af2eff96b5",
    "username": "DC-User-4",
    "email": "automationtester1@silvertower.biz",
    "firstName": "DC-User-4",
    "lastName": "DocCenter",
    "fullName": "DC-User-4 DocCenter",
    "title": "",
    "organization": "",
    "directGroupIds": ["439qmNtooUWXMlks9hf6Zw"]
  },
  {
    "id": "XfEtp55oY0ycASoTVVIqCw",
    "legacyId": "a72df15d-689e-4c63-9c01-2a1355522a0b",
    "username": "gtalarico@seismic.com",
    "email": "gtalarico@seismic.com",
    "firstName": "Greg",
    "lastName": "Talarico",
    "fullName": "Greg Talarico",
    "title": "",
    "organization": "",
    "directGroupIds": ["5mVJsLupH1mPihrcssjcOQ", "439qmNtooUWXMlks9hf6Zw"]
  },
  {
    "id": "-56ppws8m0WdYhj9kyMpqQ",
    "legacyId": "a7a99efb-3c0b-459b-9d62-18fd932329a9",
    "username": "gaurav",
    "email": "gaurav.jain@seismic.com",
    "firstName": "Gaurav",
    "lastName": "Jain",
    "fullName": "Gaurav Jain",
    "title": "",
    "organization": "Go to market - Engineering",
    "directGroupIds": [
      "5mVJsLupH1mPihrcssjcOQ",
      "439qmNtooUWXMlks9hf6Zw",
      "JltW6f59B0aMLml9ON3SKA"
    ]
  },
  {
    "id": "jWFcqcJoGkGnanzyxipCig",
    "legacyId": "a95c618d-68c2-411a-a76a-7cf2c62a428a",
    "username": "anail-manager",
    "email": "anail+manager@seismic.com",
    "firstName": "Abigail Manager",
    "lastName": "Nail",
    "fullName": "Abigail Manager Nail",
    "title": "",
    "organization": "",
    "directGroupIds": ["439qmNtooUWXMlks9hf6Zw"]
  },
  {
    "id": "7DWQqXqtckKq2XoBwSZ6Mg",
    "legacyId": "a99035ec-ad7a-4272-aad9-7a01c1267a32",
    "username": "rcqa-sdr-five",
    "email": "rgrey+rcqa-sdr-five@seismic.com",
    "firstName": "SDR",
    "lastName": "Five",
    "fullName": "SDR Five",
    "title": "",
    "organization": "",
    "directGroupIds": ["YV6JAIgobk6nfaf8xH6Dtg", "439qmNtooUWXMlks9hf6Zw"]
  },
  {
    "id": "OgeQqwMM0UCJrqYb0IRQOQ",
    "legacyId": "ab90073a-0c03-40d1-89ae-a61bd0845039",
    "username": "mperez+bblearner@seismic.com",
    "email": "mperez+bblearner@seismic.com",
    "firstName": "Michele",
    "lastName": "BBLearner",
    "fullName": "Michele BBLearner",
    "title": "",
    "organization": "",
    "directGroupIds": ["439qmNtooUWXMlks9hf6Zw"]
  },
  {
    "id": "eo4xrBtFskuHeB-2ybIo6w",
    "legacyId": "ac318e7a-451b-4bb2-8778-1fb6c9b228eb",
    "username": "rcqa-ent-one",
    "email": "rgrey+rcqa-ent-one@seismic.com",
    "firstName": "Enterprise",
    "lastName": "One",
    "fullName": "Enterprise One",
    "title": "",
    "organization": "",
    "directGroupIds": ["mGaZAWUxeEWRh9HWet1aYg", "439qmNtooUWXMlks9hf6Zw"]
  },
  {
    "id": "XEf7rH6710ejooM_R9Heww",
    "legacyId": "acfb475c-bb7e-47d7-a3a2-833f47d1dec3",
    "username": "rcqa-ent-three",
    "email": "rgrey+rcqa-ent-three@seismic.com",
    "firstName": "Enterprise",
    "lastName": "Three",
    "fullName": "Enterprise Three",
    "title": "",
    "organization": "",
    "directGroupIds": ["mGaZAWUxeEWRh9HWet1aYg", "439qmNtooUWXMlks9hf6Zw"]
  },
  {
    "id": "Nf2prv-kPDyintw7LxcBOQ",
    "legacyId": "aea9fd35-a4ff-3c3c-a29e-dc3b2f170139",
    "username": "ben",
    "email": "bkahlert@seismic.com",
    "firstName": "Ben",
    "lastName": "Kahlert",
    "fullName": "Ben Kahlert",
    "title": "",
    "organization": "",
    "directGroupIds": ["5mVJsLupH1mPihrcssjcOQ", "439qmNtooUWXMlks9hf6Zw"]
  },
  {
    "id": "2hdjr0cF65fCJANybTjr6A",
    "legacyId": "af6317da-0547-97eb-c224-03726d38ebe8",
    "username": "DC-Announcement",
    "email": "automationtester1@silvertower.biz",
    "title": "",
    "organization": "",
    "directGroupIds": ["439qmNtooUWXMlks9hf6Zw"]
  },
  {
    "id": "LIHtr0wDtkqCnbYwsrnngQ",
    "legacyId": "afed812c-034c-4ab6-829d-b630b2b9e781",
    "username": "liamxi@seismic.com",
    "email": "liamxi@seismic.com",
    "firstName": "Liam",
    "lastName": "Xi",
    "fullName": "Liam Xi",
    "title": "",
    "organization": "",
    "directGroupIds": ["5mVJsLupH1mPihrcssjcOQ", "439qmNtooUWXMlks9hf6Zw"]
  },
  {
    "id": "djeNsXgFdkSANhyqObrIgQ",
    "legacyId": "b18d3776-0578-4476-8036-1caa39bac881",
    "username": "Girish Porje",
    "email": "gporge@seismic.com",
    "firstName": "Girish",
    "lastName": "Porje",
    "fullName": "Girish Porje",
    "title": "Super Kings",
    "organization": "",
    "directGroupIds": [
      "ckR9I1UbxkKKppvBSgyCTA",
      "4W_mRTK-WEax6phz9uXBbw",
      "439qmNtooUWXMlks9hf6Zw"
    ]
  },
  {
    "id": "mS6ns-oXQUmvA-Wuznhiig",
    "legacyId": "b3a72e99-17ea-4941-af03-e5aece78628a",
    "username": "Michael",
    "email": "mhampton@seismic.com",
    "firstName": "Michael",
    "lastName": "Hampton",
    "fullName": "Michael Hampton",
    "title": "",
    "organization": "",
    "directGroupIds": ["439qmNtooUWXMlks9hf6Zw"]
  },
  {
    "id": "1L2Dtk7pFrwPlx0ClrhwHw",
    "legacyId": "b683bdd4-e94e-bc16-0f97-1d0296b8701f",
    "username": "WF_Approve2",
    "email": "automationtester1@silvertower.biz",
    "firstName": "WF_Approve2",
    "fullName": "WF_Approve2",
    "title": "",
    "organization": "",
    "directGroupIds": ["439qmNtooUWXMlks9hf6Zw"]
  },
  {
    "id": "5OzIuBQm2kKGIxGa_7QjNg",
    "legacyId": "b8c8ece4-2614-42da-8623-119affb42336",
    "username": "shubhamp",
    "email": "shubham.pawar@prorigosoftware.com",
    "firstName": "Shubham",
    "lastName": "pawar",
    "fullName": "Shubham pawar",
    "title": "",
    "organization": "",
    "directGroupIds": ["439qmNtooUWXMlks9hf6Zw"]
  },
  {
    "id": "12APublf6RARY8yF6Vzdog",
    "legacyId": "b90f60d7-5fb9-10e9-1163-cc85e95cdda2",
    "username": "fullcontrol",
    "email": "automationtester1@silvertower.biz",
    "title": "",
    "organization": "",
    "directGroupIds": ["439qmNtooUWXMlks9hf6Zw"]
  },
  {
    "id": "yYLSuXwuyEG5G4XV53FVKg",
    "legacyId": "b9d282c9-2e7c-41c8-b91b-85d5e771552a",
    "username": "jaita+learner",
    "email": "jaita.das+learner@seismic.com",
    "firstName": "Jaita",
    "lastName": "Learner",
    "fullName": "Jaita Learner",
    "title": "",
    "organization": "",
    "directGroupIds": ["439qmNtooUWXMlks9hf6Zw"]
  },
  {
    "id": "Aspjuh_tDE-fBebGWLbjPA",
    "legacyId": "ba63ca02-ed1f-4f0c-9f05-e6c658b6e33c",
    "username": "MGR1-L-1058",
    "email": "ltran+mgr1@seismic.com",
    "firstName": "MGR1-L-1058",
    "lastName": "LT",
    "fullName": "MGR1-L-1058 LT",
    "title": "",
    "organization": "",
    "directGroupIds": ["7J4CeKntn0qCsjkExvF9zw", "439qmNtooUWXMlks9hf6Zw"]
  },
  {
    "id": "jbYrvOCAEkihg4T6gcqBLQ",
    "legacyId": "bc2bb68d-80e0-4812-a183-84fa81ca812d",
    "username": "sli",
    "email": "samuelli@seismic.com",
    "firstName": "Samuel",
    "lastName": "Li",
    "fullName": "Samuel Li",
    "title": "",
    "organization": "",
    "directGroupIds": ["439qmNtooUWXMlks9hf6Zw"]
  },
  {
    "id": "S6CqvWa8UEGs4ewPNjtOXA",
    "legacyId": "bdaaa04b-bc66-4150-ace1-ec0f363b4e5c",
    "username": "clearner",
    "email": "pachabelle@gmail.com",
    "firstName": "Cheng",
    "lastName": "Learner",
    "fullName": "Cheng Learner",
    "title": "",
    "organization": "",
    "directGroupIds": ["439qmNtooUWXMlks9hf6Zw"]
  },
  {
    "id": "XW5av7nq802jhd_P8R1wXA",
    "legacyId": "bf5a6e5d-eab9-4df3-a385-dfcff11d705c",
    "username": "Deepali Lingayat",
    "email": "dlingayat@seismic.com",
    "firstName": "Deepali",
    "lastName": "Lingayat",
    "fullName": "Deepali Lingayat",
    "title": "Super Kings",
    "organization": "",
    "directGroupIds": [
      "4W_mRTK-WEax6phz9uXBbw",
      "439qmNtooUWXMlks9hf6Zw",
      "9Laz9R2EWUqaVgj3j7Nowg"
    ]
  },
  {
    "id": "AWSkwUdPW02EGyLJgtQbLA",
    "legacyId": "c1a46401-4f47-4d5b-841b-22c982d41b2c",
    "username": "gsarkar",
    "email": "gsarkar@seismic.com",
    "firstName": "Ganapati",
    "lastName": "Sarkar",
    "fullName": "Ganapati Sarkar",
    "title": "Super Kings",
    "organization": "Delivery Manager",
    "directGroupIds": [
      "4W_mRTK-WEax6phz9uXBbw",
      "XWUPfzYBr0y3r4Wo04-mZQ",
      "439qmNtooUWXMlks9hf6Zw",
      "j5v6oOu2u0GWhFm4lFaHHw"
    ],
    "thumbnailId": "a335aced-a1d9-4872-9d6b-b66373dc27a8",
    "thumbnailUrl": "https://download-qa01.seismic-dev.com/api/image/v1/tmpurl/images?t=readinesscoachingqa&c=readinesscoachingqa&id=a335aced-a1d9-4872-9d6b-b66373dc27a8&requestsize=Small&et=29060168&isfullcontainername=True&sig=O7PFLg8fka%2B%2FASEDVF7CVOd6JaKmbO%2BFsTzBsqtnM%2BY%3D"
  },
  {
    "id": "vcTGwcjdlU2MXBiL-TPBaQ",
    "legacyId": "c1c6c4bd-ddc8-4d95-8c5c-188bf933c169",
    "username": "sara_manager",
    "email": "ssakamoto+manager@seismic.com",
    "firstName": "Sara",
    "lastName": "Manager",
    "fullName": "Sara Manager",
    "title": "",
    "organization": "",
    "directGroupIds": [
      "vkkhDNxYiUyp2Bo9O3Z0OQ",
      "HzhcRG6CR_UXggs3fsm4Rw",
      "W98mlFezIWD-sgPOIUhy_Q",
      "kZ2bysbcMUKKeTI6yet_Dg",
      "439qmNtooUWXMlks9hf6Zw"
    ]
  },
  {
    "id": "iaD8wTfw0EWYuNpn781i0Q",
    "legacyId": "c1fca089-f037-45d0-98b8-da67efcd62d1",
    "username": "prem.methe@seismic.com",
    "email": "prem.methe@seismic.com",
    "firstName": "Prem",
    "lastName": "Methe",
    "fullName": "Prem Methe",
    "title": "",
    "organization": "",
    "directGroupIds": ["5mVJsLupH1mPihrcssjcOQ", "439qmNtooUWXMlks9hf6Zw"]
  },
  {
    "id": "-5PFwgozC0qhQKy_lQw9Sg",
    "legacyId": "c2c593fb-330a-4a0b-a140-acbf950c3d4a",
    "username": "rcqa-sdr-three",
    "email": "rgrey+rcqa-sdr-three@seismic.com",
    "firstName": "SDR",
    "lastName": "Three",
    "fullName": "SDR Three",
    "title": "",
    "organization": "",
    "directGroupIds": ["YV6JAIgobk6nfaf8xH6Dtg", "439qmNtooUWXMlks9hf6Zw"]
  },
  {
    "id": "oudUxYPYoUuO6xH0vYuyLg",
    "legacyId": "c554e7a2-d883-4ba1-8eeb-11f4bd8bb22e",
    "username": "bkahlert",
    "email": "benjaminjosefkahlert@gmail.com",
    "firstName": "Ben",
    "lastName": "Kahlert",
    "fullName": "Ben Kahlert",
    "title": "",
    "organization": "",
    "directGroupIds": ["439qmNtooUWXMlks9hf6Zw"]
  },
  {
    "id": "sI6Ixci9skm9guBsalJPpw",
    "legacyId": "c5888eb0-bdc8-49b2-bd82-e06c6a524fa7",
    "username": "LRN0-L-1058",
    "email": "ltran+lrn0@seismic.com",
    "firstName": "LRN0-L-1058",
    "lastName": "LT",
    "fullName": "LRN0-L-1058 LT",
    "title": "",
    "organization": "",
    "directGroupIds": ["439qmNtooUWXMlks9hf6Zw", "8F45mlOAaka-yNY46H0V6g"]
  },
  {
    "id": "vjlwxr7w70O5i2aWzq5jyw",
    "legacyId": "c67039be-f0be-43ef-b98b-6696ceae63cb",
    "username": "Arati Sayaji",
    "email": "asayaji@seismic.com",
    "firstName": "Arati",
    "lastName": "Sayaji",
    "fullName": "Arati Sayaji",
    "title": "Super Kings",
    "organization": "",
    "directGroupIds": [
      "4W_mRTK-WEax6phz9uXBbw",
      "j5v6oOu2u0GWhFm4lFaHHw",
      "439qmNtooUWXMlks9hf6Zw"
    ]
  },
  {
    "id": "HpWPxzJKk9n0su-gXZjoQQ",
    "legacyId": "c78f951e-4a32-d993-f4b2-efa05d98e841",
    "username": "TESTCREATEUSER",
    "email": "susansha@objectivasoftware.com",
    "title": "",
    "organization": "",
    "directGroupIds": ["439qmNtooUWXMlks9hf6Zw", "DmpA-XUWCqNaAyyPFU7jXA"]
  },
  {
    "id": "1kG7xzuWekiqJvrzFHOLhg",
    "legacyId": "c7bb41d6-963b-487a-aa26-faf314738b86",
    "username": "nagasairaj",
    "email": "nagasairaj.amballa@seismic.com",
    "firstName": "sairaj",
    "lastName": "A",
    "fullName": "sairaj A",
    "title": "Mr",
    "organization": "Sales Manager",
    "directGroupIds": ["439qmNtooUWXMlks9hf6Zw"]
  },
  {
    "id": "EG2Ny-NASUKiWNS_iWiYew",
    "legacyId": "cb8d6d10-40e3-4249-a258-d4bf8968987b",
    "username": "JPTestuser",
    "email": "jtest@lessonly.com",
    "firstName": "JP",
    "lastName": "Testuser",
    "fullName": "JP Testuser",
    "title": "",
    "organization": "",
    "directGroupIds": ["439qmNtooUWXMlks9hf6Zw"]
  },
  {
    "id": "uUcozJjg8dxj0FQDcgbTiQ",
    "legacyId": "cc2847b9-e098-dcf1-63d0-54037206d389",
    "username": "DCBasic",
    "email": "automationtester1@silvertower.biz",
    "firstName": "Basic",
    "lastName": "DocCenter",
    "fullName": "Basic DocCenter",
    "title": "",
    "organization": "",
    "directGroupIds": ["439qmNtooUWXMlks9hf6Zw"]
  },
  {
    "id": "TmZizCeltld6coT6exsLmQ",
    "legacyId": "cc62664e-a527-57b6-7a72-84fa7b1b0b99",
    "username": "news",
    "email": "automationtester2@silvertower.biz",
    "firstName": "News",
    "lastName": "Widget",
    "fullName": "News Widget",
    "title": "",
    "organization": "",
    "directGroupIds": ["439qmNtooUWXMlks9hf6Zw"]
  },
  {
    "id": "pbvZzCdolnSpeGBZfcjWuQ",
    "legacyId": "ccd9bba5-6827-7496-a978-60597dc8d6b9",
    "username": "CMBasic",
    "email": "automationtester1@silvertower.biz",
    "firstName": "ContentManager",
    "lastName": "Basic",
    "fullName": "ContentManager Basic",
    "title": "",
    "organization": "",
    "directGroupIds": ["439qmNtooUWXMlks9hf6Zw"]
  },
  {
    "id": "Jlg2zfnPY0u1pUXPYTaRHA",
    "legacyId": "cd365826-cff9-4b63-b5a5-45cf6136911c",
    "username": "jim",
    "email": "asinha+u1@seismic.com",
    "firstName": "Jim",
    "lastName": "Jarmush",
    "fullName": "Jim Jarmush",
    "title": "Account Executive I",
    "organization": "Sales & Marketing",
    "directGroupIds": [
      "4W_mRTK-WEax6phz9uXBbw",
      "g_GhZYYRcUibmFZEmLfBzw",
      "439qmNtooUWXMlks9hf6Zw"
    ],
    "thumbnailId": "ddfa6bd3-1a6b-40cf-8da2-de7c3056fe5d",
    "thumbnailUrl": "https://download-qa01.seismic-dev.com/api/image/v1/tmpurl/images?t=readinesscoachingqa&c=readinesscoachingqa&id=ddfa6bd3-1a6b-40cf-8da2-de7c3056fe5d&requestsize=Small&et=29060168&isfullcontainername=True&sig=raXRooJWKWj4NIj%2B5f380MZoioFZik5EayI5WKtFEU8%3D"
  },
  {
    "id": "FGH6zojMijNPNge3XFxiGQ",
    "legacyId": "cefa6114-cc88-338a-4f36-07b75c5c6219",
    "username": "DC_Announcement_Search",
    "email": "automationtester1@silvertower.biz",
    "title": "",
    "organization": "",
    "directGroupIds": ["439qmNtooUWXMlks9hf6Zw"]
  },
  {
    "id": "h2tM1JTkrESkaOqTS_U_kQ",
    "legacyId": "d44c6b87-e494-44ac-a468-ea934bf53f91",
    "username": "rcqa-ent-mgrtwo",
    "email": "rgrey+rcqa-ent-mgr-two@seismic.com",
    "firstName": "Enterprise",
    "lastName": "MgrTwo",
    "fullName": "Enterprise MgrTwo",
    "title": "",
    "organization": "",
    "directGroupIds": [
      "mGaZAWUxeEWRh9HWet1aYg",
      "xik0ITbAyk-idn7TUrwx-w",
      "439qmNtooUWXMlks9hf6Zw"
    ]
  },
  {
    "id": "sph_140u70q7McDWaXioXw",
    "legacyId": "d77f98b2-2e8d-4aef-bb31-c0d66978a85f",
    "username": "Amit Chaudhari",
    "email": "amit.chaudhari@seismic.com",
    "firstName": "Amit",
    "lastName": "Chaudhari",
    "fullName": "Amit Chaudhari",
    "title": "Super Kings",
    "organization": "",
    "directGroupIds": [
      "4W_mRTK-WEax6phz9uXBbw",
      "9Laz9R2EWUqaVgj3j7Nowg",
      "439qmNtooUWXMlks9hf6Zw"
    ]
  },
  {
    "id": "otWj2FSMrkCNUQZwJq8V6A",
    "legacyId": "d8a3d5a2-8c54-40ae-8d51-067026af15e8",
    "username": "WS_User_3",
    "email": "t'seismic@objectivasoftware.com",
    "title": "",
    "organization": "",
    "directGroupIds": ["439qmNtooUWXMlks9hf6Zw"]
  },
  {
    "id": "_Wap2C5hr0GJaC9Dmg7BDw",
    "legacyId": "d8a966fd-612e-41af-8968-2f439a0ec10f",
    "username": "DavidTestUser",
    "email": "seismicplugin@gmail.com",
    "firstName": "David",
    "lastName": "TestUser",
    "fullName": "David TestUser",
    "title": "",
    "organization": "",
    "directGroupIds": [
      "5mVJsLupH1mPihrcssjcOQ",
      "VexTnlE5yUeunglEhS5P2A",
      "439qmNtooUWXMlks9hf6Zw"
    ]
  },
  {
    "id": "4pZj2xwbl6ki3PVZrh9SFg",
    "legacyId": "db6396e2-1b1c-a997-22dc-f559ae1f5216",
    "username": "WF_Submitter",
    "email": "emilyzhang@seismic.com",
    "firstName": "WF",
    "lastName": "Submitter",
    "fullName": "WF Submitter",
    "title": "",
    "organization": "",
    "directGroupIds": ["439qmNtooUWXMlks9hf6Zw"]
  },
  {
    "id": "dYHv2_31u0WNWbmdUMmqyw",
    "legacyId": "dbef8175-f5fd-45bb-8d59-b99d50c9aacb",
    "username": "RickMgrTwoGrey",
    "email": "rgrey+rickmgrtwogrey@seismic.com",
    "firstName": "Rick",
    "lastName": "ManagerTwoGrey",
    "fullName": "Rick ManagerTwoGrey",
    "title": "ManagerTwo",
    "organization": "",
    "directGroupIds": [
      "xik0ITbAyk-idn7TUrwx-w",
      "sO9XZS4oW0ysbOqN12j_tA",
      "439qmNtooUWXMlks9hf6Zw"
    ]
  },
  {
    "id": "gVKH3SLOO0GVK_pyps24cg",
    "legacyId": "dd875281-ce22-413b-952b-fa72a6cdb872",
    "username": "mdilts+learner@seismic.com",
    "email": "mdilts+learner@seismic.com",
    "firstName": "Matt",
    "lastName": "Learner",
    "fullName": "Matt Learner",
    "title": "",
    "organization": "",
    "directGroupIds": ["tCIMGgK1LkSPT3ibpoXlTQ", "439qmNtooUWXMlks9hf6Zw"]
  },
  {
    "id": "--Tk3zHef3N6N2m_zBihXw",
    "legacyId": "dfe4e4fb-de31-737f-7a37-69bfcc18a15f",
    "username": "Cart-User-2",
    "email": "seismictest1@objectivasoftware.com",
    "firstName": "Bob",
    "lastName": "Form'B",
    "fullName": "Bob Form'B",
    "title": "",
    "organization": "",
    "directGroupIds": ["439qmNtooUWXMlks9hf6Zw"]
  },
  {
    "id": "iCbk4O1CLl_4hoMYwFOvSw",
    "legacyId": "e0e42688-42ed-5f2e-f886-8318c053af4b",
    "username": "CM_User3",
    "email": "automationtester2@silvertower.biz",
    "firstName": "CM_User3",
    "lastName": "ContentManager",
    "fullName": "CM_User3 ContentManager",
    "title": "",
    "organization": "",
    "directGroupIds": ["439qmNtooUWXMlks9hf6Zw"]
  },
  {
    "id": "PNAY4hIVFUSuJ3u7c9Dcbg",
    "legacyId": "e218d03c-1512-4415-ae27-7bbb73d0dc6e",
    "username": "janhu",
    "email": "jovanhu@seismic.com",
    "firstName": "Joy",
    "lastName": "Anhu",
    "fullName": "Joy Anhu",
    "title": "",
    "organization": "",
    "directGroupIds": ["439qmNtooUWXMlks9hf6Zw"]
  },
  {
    "id": "UnqX4huXuEyKuoFPcqMOhg",
    "legacyId": "e2977a52-971b-4cb8-8aba-814f72a30e86",
    "username": "rcqa-sdr-two",
    "email": "rgrey+rcqa-sdr-two@seismic.com",
    "firstName": "SDR",
    "lastName": "Two",
    "fullName": "SDR Two",
    "title": "",
    "organization": "",
    "directGroupIds": [
      "YV6JAIgobk6nfaf8xH6Dtg",
      "xik0ITbAyk-idn7TUrwx-w",
      "439qmNtooUWXMlks9hf6Zw"
    ]
  },
  {
    "id": "zCW34gFv7EyiKXw1ttaIeQ",
    "legacyId": "e2b725cc-6f01-4cec-a229-7c35b6d68879",
    "username": "SpecialUser",
    "email": "automationtester1@silvertower.biz",
    "title": "",
    "organization": "",
    "directGroupIds": ["439qmNtooUWXMlks9hf6Zw"]
  },
  {
    "id": "-uT24uVpp_TsdPFkCNAJEg",
    "legacyId": "e2f6e4fa-69e5-f4a7-ec74-f16408d00912",
    "username": "US_User1",
    "email": "automationtester1@silvertower.biz",
    "title": "",
    "organization": "",
    "directGroupIds": ["439qmNtooUWXMlks9hf6Zw"]
  },
  {
    "id": "n2YX45YM1EKiiGT66NWwoQ",
    "legacyId": "e317669f-0c96-42d4-a288-64fae8d5b0a1",
    "username": "ashelar",
    "email": "amruta.shelar@prorigosoftware.com",
    "firstName": "Amruta",
    "lastName": "Shelar",
    "fullName": "Amruta Shelar",
    "title": "Sales Engineer",
    "organization": "Marketing",
    "directGroupIds": [
      "4W_mRTK-WEax6phz9uXBbw",
      "g_GhZYYRcUibmFZEmLfBzw",
      "439qmNtooUWXMlks9hf6Zw"
    ],
    "thumbnailId": "eb3b8138-a1fe-487c-95ad-baa68950fe4e",
    "thumbnailUrl": "https://download-qa01.seismic-dev.com/api/image/v1/tmpurl/images?t=readinesscoachingqa&c=readinesscoachingqa&id=eb3b8138-a1fe-487c-95ad-baa68950fe4e&requestsize=Small&et=29060168&isfullcontainername=True&sig=7zrLxFSN11Z4JChqBQKdSXvzntUVykzHMN9RokhOta0%3D"
  },
  {
    "id": "FQYz43pGq0qjsP6zUjuXrQ",
    "legacyId": "e3330615-467a-4aab-a3b0-feb3523b97ad",
    "username": "gpunde",
    "email": "asinha+gp@seismic.com",
    "firstName": "Ganesh",
    "lastName": "Punde",
    "fullName": "Ganesh Punde",
    "title": "Super Kings",
    "organization": "",
    "directGroupIds": [
      "vkkhDNxYiUyp2Bo9O3Z0OQ",
      "ckR9I1UbxkKKppvBSgyCTA",
      "4W_mRTK-WEax6phz9uXBbw",
      "439qmNtooUWXMlks9hf6Zw"
    ]
  },
  {
    "id": "OpF45cVH-k2UrV7zXMUS0w",
    "legacyId": "e578913a-47c5-4dfa-94ad-5ef35cc512d3",
    "username": "rsahu-automation-user",
    "email": "ravi.sahu@prorigosoftware.com",
    "firstName": "Enabler Ravi",
    "lastName": "Sahu",
    "fullName": "Enabler Ravi Sahu",
    "title": "",
    "organization": "",
    "directGroupIds": [
      "439qmNtooUWXMlks9hf6Zw",
      "j5v6oOu2u0GWhFm4lFaHHw",
      "FPsz-pb7LUilI64NacGqPw"
    ]
  },
  {
    "id": "XdVA6LEQ20O1ZJM7ZTzMXQ",
    "legacyId": "e840d55d-10b1-43db-b564-933b653ccc5d",
    "username": "mperez+bbadmin@seismic.com",
    "email": "mperez+bbadmin@seismic.com",
    "firstName": "Michele",
    "lastName": "BugBash",
    "fullName": "Michele BugBash",
    "title": "",
    "organization": "",
    "directGroupIds": ["5mVJsLupH1mPihrcssjcOQ", "439qmNtooUWXMlks9hf6Zw"]
  },
  {
    "id": "xNGO6GQl-U6j1z1vwtl5-w",
    "legacyId": "e88ed1c4-2564-4ef9-a3d7-3d6fc2d979fb",
    "username": "Priyanka Mahajan",
    "email": "pMahajan@seismic.com",
    "firstName": "Priyanka",
    "lastName": "Mahajan",
    "fullName": "Priyanka Mahajan",
    "title": "Super Kings",
    "organization": "",
    "directGroupIds": [
      "4W_mRTK-WEax6phz9uXBbw",
      "439qmNtooUWXMlks9hf6Zw",
      "9Laz9R2EWUqaVgj3j7Nowg"
    ]
  },
  {
    "id": "U1mH6cKC9UWQngduCUuZ-w",
    "legacyId": "e9875953-82c2-45f5-909e-076e094b99fb",
    "username": "Pratheesh",
    "email": "pkumar@seismic.com",
    "firstName": "Pratheesh",
    "lastName": "Kumar",
    "fullName": "Pratheesh Kumar",
    "title": "",
    "organization": "",
    "directGroupIds": ["439qmNtooUWXMlks9hf6Zw"]
  },
  {
    "id": "6zrm6r2fTE-2CvKOOHlQNw",
    "legacyId": "eae63aeb-9fbd-4f4c-b60a-f28e38795037",
    "username": "MGR0-L-1058",
    "email": "ltran+mgr0@seismic.com",
    "firstName": "MGR0-L-1058",
    "lastName": "LT",
    "fullName": "MGR0-L-1058 LT",
    "title": "",
    "organization": "",
    "directGroupIds": ["6aaEW2rFqU-o8bM_KGR3eQ", "439qmNtooUWXMlks9hf6Zw"]
  },
  {
    "id": "cfKW7AV1ikOpWmDZdjDgYA",
    "legacyId": "ec96f271-7505-438a-a95a-60d97630e060",
    "username": "chelsieli",
    "email": "chelsieli@seismic.com",
    "firstName": "chelsi",
    "lastName": "li",
    "fullName": "chelsi li",
    "title": "",
    "organization": "",
    "directGroupIds": ["439qmNtooUWXMlks9hf6Zw"]
  },
  {
    "id": "Sx-97C0pY0ucwryrascI0A",
    "legacyId": "ecbd1f4b-292d-4b63-9cc2-bcab6ac708d0",
    "username": "RickMgrOneGrey",
    "email": "rgrey+rickmgronegrey@seismic.com",
    "firstName": "Rick",
    "lastName": "ManagerOneGrey",
    "fullName": "Rick ManagerOneGrey",
    "title": "ManagerOne",
    "organization": "",
    "directGroupIds": [
      "sO9XZS4oW0ysbOqN12j_tA",
      "439qmNtooUWXMlks9hf6Zw",
      "76qpz-yl4UO9RbnFyeifOg"
    ]
  },
  {
    "id": "i0k07rJkB0mcjwVjix0nJw",
    "legacyId": "ee34498b-64b2-4907-9c8f-05638b1d2727",
    "username": "rcqa-ent-admone",
    "email": "rgrey+rcqa-ent-adm-one@seismic.com",
    "firstName": "Enterprise",
    "lastName": "AdminOne",
    "fullName": "Enterprise AdminOne",
    "title": "",
    "organization": "",
    "directGroupIds": ["mGaZAWUxeEWRh9HWet1aYg", "439qmNtooUWXMlks9hf6Zw"]
  },
  {
    "id": "4SH67yafUEK50ldZx8gdGQ",
    "legacyId": "effa21e1-9f26-4250-b9d2-5759c7c81d19",
    "username": "EmilyGroup",
    "email": "emilywzhang@objectivasoftware.com",
    "title": "",
    "organization": "",
    "directGroupIds": ["439qmNtooUWXMlks9hf6Zw"],
    "thumbnailId": "t434c7a93-7e30-4909-8a22-d02fc2e33b1d",
    "thumbnailUrl": "https://download-qa01.seismic-dev.com/api/image/v1/tmpurl/images?t=readinesscoachingqa&c=readinesscoachingqa&id=t434c7a93-7e30-4909-8a22-d02fc2e33b1d&requestsize=Small&et=29060168&isfullcontainername=True&sig=%2Bw%2FCnVp%2FwPVe7nufCkTOhbgc7J8zkxvQs6%2ByuD5ancU%3D"
  },
  {
    "id": "XCdx8Evn1k6JhYK41WN-wQ",
    "legacyId": "f071275c-e74b-4ed6-8985-82b8d5637ec1",
    "username": "FileExpiredTest",
    "email": "automationtester1@silvertower.biz",
    "title": "",
    "organization": "",
    "directGroupIds": ["439qmNtooUWXMlks9hf6Zw"]
  },
  {
    "id": "JWTb9M9XQ0KNA73EUHFFLg",
    "legacyId": "f4db6425-57cf-4243-8d03-bdc45071452e",
    "username": "mcappleman",
    "email": "mcappleman@seismic.com",
    "firstName": "Matt",
    "lastName": "Cappleman",
    "fullName": "Matt Cappleman",
    "title": "",
    "organization": "",
    "directGroupIds": ["439qmNtooUWXMlks9hf6Zw"]
  },
  {
    "id": "pLMk95mcGk6C_Jf_FMyyAg",
    "legacyId": "f724b3a4-9c99-4e1a-82fc-97ff14ccb202",
    "username": "neha_manager",
    "email": "neha.pohankar@seismic.com",
    "firstName": "Neha",
    "lastName": "Manager",
    "fullName": "Neha Manager",
    "title": "",
    "organization": "",
    "directGroupIds": ["439qmNtooUWXMlks9hf6Zw"]
  },
  {
    "id": "bdGG98rpdU6CsZU9-FjEmw",
    "legacyId": "f786d16d-e9ca-4e75-82b1-953df858c49b",
    "username": "MJD",
    "email": "mdilts@seismic.com",
    "firstName": "Matt",
    "lastName": "D",
    "fullName": "Matt D",
    "title": "",
    "organization": "",
    "directGroupIds": [
      "tCIMGgK1LkSPT3ibpoXlTQ",
      "J6uKkLHRukOOqf74KSB9Ng",
      "439qmNtooUWXMlks9hf6Zw",
      "rxffwfiBv0CkUAotlI8XaQ"
    ]
  },
  {
    "id": "ij4p-rBVLk-TirmnvIlZLQ",
    "legacyId": "fa293e8a-55b0-4f2e-938a-b9a7bc89592d",
    "username": "Amber Test",
    "email": "acollins@seismic.com",
    "firstName": "Amber",
    "lastName": "Test",
    "fullName": "Amber Test",
    "title": "",
    "organization": "",
    "directGroupIds": ["7I_HNSaWT0meuWuT47DX_Q", "439qmNtooUWXMlks9hf6Zw"]
  },
  {
    "id": "y-3H-gf980aI5kOxO4ve8Q",
    "legacyId": "fac7edcb-fd07-46f3-88e6-43b13b8bdef1",
    "username": "Test user sync4",
    "email": "usersynctest4@seismic.com",
    "firstName": "Test user sync4",
    "lastName": "Test user sync4",
    "fullName": "Test user sync4 Test user sync4",
    "title": "",
    "organization": "",
    "directGroupIds": ["439qmNtooUWXMlks9hf6Zw"]
  },
  {
    "id": "9i6N_eLHMEGJ28exsIYygg",
    "legacyId": "fd8d2ef6-c7e2-4130-89db-c7b1b0863282",
    "username": "dlindgren-1@seismic.com",
    "email": "dlindgren-1@seismic.om",
    "firstName": "D",
    "lastName": "L",
    "fullName": "D L",
    "title": "",
    "organization": "",
    "directGroupIds": ["439qmNtooUWXMlks9hf6Zw", "VexTnlE5yUeunglEhS5P2A"]
  },
  {
    "id": "WTK7_Q2FikK5NRy_rWVzAA",
    "legacyId": "fdbb3259-850d-428a-b935-1cbfad657300",
    "username": "DC-Search-User-1",
    "email": "automationtester1@silvertower.biz",
    "firstName": "May",
    "lastName": "chen",
    "fullName": "May chen",
    "title": "",
    "organization": "",
    "directGroupIds": ["439qmNtooUWXMlks9hf6Zw"]
  },
  {
    "id": "1T_B_bNLBKH4DXkk_1rp3Q",
    "legacyId": "fdc13fd5-4bb3-a104-f80d-7924ff5ae9dd",
    "username": "CM_User2",
    "email": "automationtester2@silvertower.biz",
    "firstName": "CM_User2",
    "lastName": "ContentManager",
    "fullName": "CM_User2 ContentManager",
    "title": "",
    "organization": "",
    "directGroupIds": ["439qmNtooUWXMlks9hf6Zw"]
  },
  {
    "id": "NJuR_rzYoPVIaMuO98iZOQ",
    "legacyId": "fe919b34-d8bc-f5a0-4868-cb8ef7c89939",
    "username": "MobileOnly",
    "email": "jacqueline@objectivasoftware.com",
    "title": "",
    "organization": "",
    "directGroupIds": ["439qmNtooUWXMlks9hf6Zw"]
  },
  {
    "id": "HReo_gtpQEmzFjm6iv9Sdg",
    "legacyId": "fea8171d-690b-4940-b316-39ba8aff5276",
    "username": "vmaladkar",
    "email": "asinha+vm@seismic.com",
    "firstName": "Vinay",
    "lastName": "Maladkar",
    "fullName": "Vinay Maladkar",
    "title": "Super Kings",
    "organization": "Account Manager",
    "directGroupIds": [
      "vkkhDNxYiUyp2Bo9O3Z0OQ",
      "4W_mRTK-WEax6phz9uXBbw",
      "439qmNtooUWXMlks9hf6Zw",
      "j5v6oOu2u0GWhFm4lFaHHw"
    ]
  },
  {
    "id": "Ss_N_j-LREW_az53OmD5tg",
    "legacyId": "fecdcf4a-8b3f-4544-bf6b-3e773a60f9b6",
    "username": "wwang",
    "email": "wadewang@seismic.com",
    "firstName": "Wade",
    "lastName": "Wang",
    "fullName": "Wade Wang",
    "title": "",
    "organization": "",
    "directGroupIds": ["439qmNtooUWXMlks9hf6Zw"]
  }
]
