[
    {
        "id": "84a5c9a8-5ba2-4e06-8914-c24a18a8236c",
        "reportName": "user",
        "description": "User report",
        "domain": "User",
        "ownerUserName": "System",
        "ownerUserId": "System",
        "lastViewed": "2024-08-08T06:45:24.933635Z",
        "reportType": "System"
    },
    {
        "id": "6122c992-4320-4593-8576-a6d6baa0db5b",
        "reportName": "Learning report",
        "description": "Learning report",
        "domain": "Learning",
        "ownerUserName": "System",
        "ownerUserId": "System",
        "lastViewed": "2024-08-08T06:41:10.331811Z",
        "reportType": "System"
    },
    {
        "id": "719adf13-711a-4a55-85c0-e8tc4a8c0a39",
        "reportName": "Sales Report",
        "description": "Basic metrics",
        "domain": "Library",
        "ownerUserName": "System",
        "ownerUserId": "System",
        "reportType": "System"
    },
    {
        "id": "719adf13-711a-4a55-85c0-e8nc4a8c0a39",
        "reportName": "User Activity",
        "description": "Sales by region",
        "domain": "Library",
        "ownerUserName": "System",
        "ownerUserId": "System",
        "reportType": "System"
    },
    {
        "id": "719adf13-711a-4a55-85c0-e8zc4a8c0a39",
        "reportName": "Marketing Data",
        "description": "User engagement stats",
        "domain": "Library",
        "ownerUserName": "System",
        "ownerUserId": "System",
        "reportType": "System"
    },
    {
        "id": "719adf13-711a-4a55-85c0-e8dc4a8c0a39",
        "reportName": "Library Inventory",
        "description": "Description fo the report goes here, and it may span multiple lines",
        "domain": "Library",
        "ownerUserName": "System",
        "ownerUserId": "System",
        "reportType": "System"
    },
    {
        "id": "062fdd2d-d4ef-438b-8c9a-f7de30fede6f",
        "reportName": "Programs Enhanced",
        "description": "Description fo the report goes here, and it may span multiple lines",
        "domain": "Programs",
        "ownerUserName": "System",
        "ownerUserId": "System",
        "reportType": "System"
    },
    {
        "id": "2483687e-6dc4-4a4a-aa41-1614d1ad30e0",
        "reportName": "Library Inventory-Ex",
        "description": "Description fo the report goes here, and it may span multiple lines",
        "domain": "Library Inventory",
        "ownerUserName": "System",
        "ownerUserId": "System",
        "reportType": "System"
    },
    {
        "id": "f2406379-cfb5-4b16-af21-0fbc5c1e3d4a",
        "reportName": "User Adoption, Audit, Inventory, and more!-Ex-1",
        "description": "Description fo the report goes here, and it may span multiple lines",
        "domain": "User Adoption, Audit, Inventory, and more!-Ex-1",
        "ownerUserName": "System",
        "ownerUserId": "System",
        "lastViewed": "2024-08-07T15:31:26.567699Z",
        "reportType": "System"
    },
    {
        "id": "8f478372-7071-435d-b886-2421412a3c64",
        "reportName": "User Activity-Ex",
        "description": "Description fo the report goes here, and it may span multiple lines",
        "domain": "User Activity-Ex",
        "ownerUserName": "System",
        "ownerUserId": "System",
        "reportType": "System"
    }
]