[
  {
      "filterName": "IsPublishedContentProfile",
      "queryParam": "IsPublishedContentProfile",
      "uxLabel": "Is content profile published?",
      "uxDescription": "A true/false value to determine if the content profile is published.",
      "category": "Content profile basics",
      "dataType": "Boolean",
      "allowedOperators": [
          {
              "name": "Equals",
              "uxLabel": "Equals",
              "label": "Equals",
              "value": "Equals"
          },
          {
              "name": "NotEquals",
              "uxLabel": "Not Equals",
              "label": "Not Equals",
              "value": "NotEquals"
          }
      ],
      "filterType": "domainOfValues",
      "filterPicklistQuery": "SELECT distinct isPublished as IsPublishedContentProfile FROM contentProfiles",
      "domainValues": [
          "true",
          "false"
      ],
      "operation": "Equals",
      "values": [
          "true"
      ],
      "propertyType": "None",
      "label": "Is content profile published?"
  }
]