[
    {
        "filterName": "IsPublishedContentProfile",
        "queryParam": "IsPublishedContentProfile",
        "uxLabel": "Is content profile published?",
        "uxDescription": "A true/false value to determine if the content profile is published.",
        "category": "Content profile basics",
        "dataType": "Boolean",
        "allowedOperators": [
            {
                "name": "Equals",
                "uxLabel": "Equals",
                "label": "Equals",
                "value": "Equals"
            },
            {
                "name": "NotEquals",
                "uxLabel": "Not Equals",
                "label": "Not Equals",
                "value": "NotEquals"
            }
        ],
        "filterType": "domainOfValues",
        "filterPicklistQuery": "SELECT distinct isPublished as IsPublishedContentProfile FROM contentProfiles",
        "domainValues": [
            "true",
            "false"
        ],
        "operation": "Equals",
        "values": [
            "true"
        ],
        "propertyType": "None",
        "label": "Is content profile published?"
    },
    {
        "filterName": "LibraryContentName",
        "queryParam": "LibraryContentName",
        "uxLabel": "Library content name",
        "uxDescription": "The name of the content in the Seismic Library (Content Manager).",
        "category": "Library content basics",
        "dataType": "Text",
        "allowedOperators": [
            {
                "name": "IsOneOf",
                "uxLabel": "Is one of",
                "label": "Is one of",
                "value": "IsOneOf"
            },
            {
                "name": "IsNotOneOf",
                "uxLabel": "Is not one of",
                "label": "Is not one of",
                "value": "IsNotOneOf"
            }
        ],
        "filterType": "picklist",
        "filterPicklistQuery": "SELECT distinct name as LibraryContentName FROM libraryContents",
        "isRequired": false,
        "domainValues": [],
        "isDefault": true,
        "operation": "None",
        "values": [],
        "propertyType": "None",
        "label": "Library content name"
    },
    {
        "filterName": "LibraryContentType",
        "queryParam": "LibraryContentType",
        "uxLabel": "Library content type",
        "uxDescription": "The type of content in the Seismic Library (Content Manager).",
        "category": "Library content basics",
        "dataType": "Text",
        "allowedOperators": [
            {
                "name": "IsOneOf",
                "uxLabel": "Is one of",
                "label": "Is one of",
                "value": "IsOneOf"
            },
            {
                "name": "IsNotOneOf",
                "uxLabel": "Is not one of",
                "label": "Is not one of",
                "value": "IsNotOneOf"
            }
        ],
        "filterType": "picklist",
        "filterPicklistQuery": "SELECT distinct type as LibraryContentType FROM libraryContents",
        "isRequired": false,
        "domainValues": [],
        "isDefault": true,
        "operation": "None",
        "values": [],
        "propertyType": "None",
        "label": "Library content type"
    },
    {
        "filterName": "IsPublishedLibraryContent",
        "queryParam": "IsPublishedLibraryContent",
        "uxLabel": "Is library content published?",
        "uxDescription": "A boolean indicating if the library content is published.",
        "category": "Library content basics",
        "dataType": "Boolean",
        "allowedOperators": [
            {
                "name": "Equals",
                "uxLabel": "Equals",
                "label": "Equals",
                "value": "Equals"
            },
            {
                "name": "NotEquals",
                "uxLabel": "Not Equals",
                "label": "Not Equals",
                "value": "NotEquals"
            }
        ],
        "filterType": "domainOfValues",
        "isRequired": false,
        "domainValues": [
            "true",
            "false"
        ],
        "isDefault": true,
        "operation": "None",
        "values": [],
        "propertyType": "None",
        "label": "Is library content published?"
    },
    {
        "filterName": "IsDeletedLibraryContent",
        "queryParam": "IsDeletedLibraryContent",
        "uxLabel": "Is library content deleted?",
        "uxDescription": "A boolean indicating if the library content is currently deleted.",
        "category": "Library content basics",
        "dataType": "Boolean",
        "allowedOperators": [
            {
                "name": "Equals",
                "uxLabel": "Equals",
                "label": "Equals",
                "value": "Equals"
            },
            {
                "name": "NotEquals",
                "uxLabel": "Not Equals",
                "label": "Not Equals",
                "value": "NotEquals"
            }
        ],
        "filterType": "domainOfValues",
        "isRequired": false,
        "domainValues": [
            "true",
            "false"
        ],
        "isDefault": true,
        "operation": "None",
        "values": [],
        "propertyType": "None",
        "label": "Is library content deleted?"
    },
    {
        "filterName": "LibraryContentOwnerUsername",
        "queryParam": "LibraryContentOwnerUsername",
        "uxLabel": "Library content owner username",
        "uxDescription": "The username of the content owner.",
        "category": "User",
        "dataType": "Text",
        "allowedOperators": [
            {
                "name": "IsOneOf",
                "uxLabel": "Is one of",
                "label": "Is one of",
                "value": "IsOneOf"
            },
            {
                "name": "IsNotOneOf",
                "uxLabel": "Is not one of",
                "label": "Is not one of",
                "value": "IsNotOneOf"
            }
        ],
        "filterType": "picklist",
        "filterPicklistQuery": "SELECT distinct ownerUsername as LibraryContentOwnerUsername FROM libraryContents",
        "isRequired": false,
        "domainValues": [],
        "isDefault": true,
        "operation": "None",
        "values": [],
        "propertyType": "None",
        "label": "Library content owner username"
    },
    {
        "filterName": "LibraryContentOwnerEmail",
        "queryParam": "LibraryContentOwnerEmail",
        "uxLabel": "Library content owner email",
        "uxDescription": "The email of the content owner.",
        "category": "User",
        "dataType": "Text",
        "allowedOperators": [
            {
                "name": "IsOneOf",
                "uxLabel": "Is one of",
                "label": "Is one of",
                "value": "IsOneOf"
            },
            {
                "name": "IsNotOneOf",
                "uxLabel": "Is not one of",
                "label": "Is not one of",
                "value": "IsNotOneOf"
            }
        ],
        "filterType": "picklist",
        "filterPicklistQuery": "SELECT distinct ownerEmail as LibraryContentOwnerEmail FROM libraryContents",
        "isRequired": false,
        "domainValues": [],
        "isDefault": true,
        "operation": "None",
        "values": [],
        "propertyType": "None",
        "label": "Library content owner email"
    },
    {
        "filterName": "LibraryContentCreatedDate",
        "queryParam": "LibraryContentCreatedDate",
        "uxLabel": "Library content created date",
        "uxDescription": "The datetime the content was created in the Seismic Library (Content Manager).",
        "category": "Library content details",
        "dataType": "DateTime",
        "allowedOperators": [
            {
                "name": "Equals",
                "uxLabel": "Equals",
                "label": "Equals",
                "value": "Equals"
            },
            {
                "name": "NotEquals",
                "uxLabel": "Not Equals",
                "label": "Not Equals",
                "value": "NotEquals"
            },
            {
                "name": "GreaterThan",
                "uxLabel": "Greater Than",
                "label": "Greater Than",
                "value": "GreaterThan"
            },
            {
                "name": "LessThan",
                "uxLabel": "Less Than",
                "label": "Less Than",
                "value": "LessThan"
            },
            {
                "name": "Between",
                "uxLabel": "Between",
                "label": "Between",
                "value": "Between"
            }
        ],
        "filterType": "freetext",
        "isRequired": false,
        "domainValues": [],
        "isDefault": true,
        "operation": "None",
        "values": [],
        "propertyType": "None",
        "label": "Library content created date"
    },
    {
        "filterName": "IsLibraryContentCheckedOut",
        "queryParam": "IsLibraryContentCheckedOut",
        "uxLabel": "Is lesson checked out?",
        "uxDescription": "A boolean indicating if the lesson is checked out.",
        "category": "Library content details",
        "dataType": "Boolean",
        "allowedOperators": [
            {
                "name": "Equals",
                "uxLabel": "Equals",
                "label": "Equals",
                "value": "Equals"
            },
            {
                "name": "NotEquals",
                "uxLabel": "Not Equals",
                "label": "Not Equals",
                "value": "NotEquals"
            }
        ],
        "filterType": "domainOfValues",
        "filterPicklistQuery": "select distinct isCheckedOut from libraryContent",
        "isRequired": false,
        "domainValues": [
            "true",
            "false"
        ],
        "isDefault": true,
        "operation": "None",
        "values": [],
        "propertyType": "None",
        "label": "Is lesson checked out?"
    },
    {
        "filterName": "ActivityDate",
        "queryParam": "ActivityDate",
        "uxLabel": "Activity date",
        "uxDescription": "The datetime when the activity was taken by the user.",
        "category": "KPI and metrics",
        "dataType": "DateTime",
        "allowedOperators": [
            {
                "name": "Equals",
                "uxLabel": "Equals",
                "label": "Equals",
                "value": "Equals"
            },
            {
                "name": "NotEquals",
                "uxLabel": "Not Equals",
                "label": "Not Equals",
                "value": "NotEquals"
            },
            {
                "name": "GreaterThan",
                "uxLabel": "Greater Than",
                "label": "Greater Than",
                "value": "GreaterThan"
            },
            {
                "name": "LessThan",
                "uxLabel": "Less Than",
                "label": "Less Than",
                "value": "LessThan"
            },
            {
                "name": "Between",
                "uxLabel": "Between",
                "label": "Between",
                "value": "Between"
            }
        ],
        "filterType": "freetext",
        "isRequired": false,
        "domainValues": [],
        "isDefault": true,
        "operation": "GreaterThan",
        "values": [
            "2024-10-21"
        ],
        "propertyType": "None",
        "label": "Activity date"
    },
    {
        "filterName": "TeamsiteName",
        "queryParam": "TeamsiteName",
        "uxLabel": "Teamsite name",
        "uxDescription": "The name of the teamsite.",
        "category": "Library content details",
        "dataType": "Text",
        "allowedOperators": [
            {
                "name": "IsOneOf",
                "uxLabel": "Is one of",
                "label": "Is one of",
                "value": "IsOneOf"
            },
            {
                "name": "IsNotOneOf",
                "uxLabel": "Is not one of",
                "label": "Is not one of",
                "value": "IsNotOneOf"
            }
        ],
        "filterType": "picklist",
        "filterPicklistQuery": "SELECT distinct name as TeamsiteName FROM teamsites",
        "isRequired": false,
        "domainValues": [],
        "isDefault": true,
        "operation": "None",
        "values": [],
        "propertyType": "None",
        "label": "Teamsite name"
    }
]