[
    {
        "name": "userId",
        "dataType": "Text",
        "isDefault": true,
        "uxLabel": "User Id"
    },
    {
        "name": "userName",
        "dataType": "Text",
        "isDefault": true,
        "uxLabel": "User name"
    },
    {
        "name": "isDeleted",
        "dataType": "Boolean",
        "isDefault": true,
        "uxLabel": "Is deleted"
    },
    {
        "name": "totalActions",
        "dataType": "Text",
        "isDefault": true,
        "uxLabel": "Total actions"
    },
    {
        "name": "livesendCount",
        "dataType": "Integer",
        "isDefault": true,
        "uxLabel": "Livesend count"
    },
    {
        "name": "viewCount",
        "dataType": "Integer",
        "isDefault": true,
        "uxLabel": "View count"
    },
    {
        "name": "downloadCount",
        "dataType": "Integer",
        "isDefault": true,
        "uxLabel": "Download count"
    }
]