{
    "teamsites": [
        {
            "id": "1",
            "name": "automationtestdata",
            "description": "Default TeamSite",
            "isSelected": true
        },
        {
            "id": "feae9b13-6780-4893-8fae-282fd87d45a2",
            "name": "CanBeCustomizedProfile",
            "isSelected": false
        },
        {
            "id": "3dc4d4ec-5b79-4590-b9dd-c303cfe922e8",
            "name": "Freestyle_All_Content_TeamSite",
            "description": "",
            "isSelected": false
        },
        {
            "id": "d6f6ea55-e2ef-4bcc-9aae-86a1b57722ea",
            "name": "FreestyleTestCase",
            "isSelected": false
        },
        {
            "id": "a416bb55-774a-47a0-906f-2f59d2ccea97",
            "name": "No_Content_TeamSite",
            "isSelected": false
        },
        {
            "id": "fe6685af-47f2-40ec-b2c1-aa003d2ae161",
            "name": "RequiredProperty",
            "description": "",
            "isSelected": false
        },
        {
            "id": "e678fa0e-abbf-416e-8486-b455e3606f01",
            "name": "Teamsite for PB automation",
            "isSelected": false
        },
        {
            "id": "86d60a5f-0b47-40cb-83b6-5d7654806a39",
            "name": "TeamsiteC307642",
            "isSelected": false
        },
        {
            "id": "3483d9a2-baec-45cf-a33d-9d349775cb94",
            "name": "TeamsiteC552272",
            "isSelected": false
        },
        {
            "id": "195de309-be52-4b3c-8a09-3ac3a5f8e14e",
            "name": "TeamsiteME1490",
            "isSelected": false
        }
    ],
    "reportsFilterOption": "system",
    "tenantSettings": {
        "isOrgHierarchyEnabled": true,
        "hasOrgHierarchy": true
    }
}