[
  {
    "id": "1ukq6k1nrkmylCTUwIjfgQ",
    "legacyId": "ea2ae9d6-674d-49ae-b294-24d4c088df81",
    "username": "asinha",
    "email": "asinha@seismic.com",
    "firstName": "Amit",
    "lastName": "Sinha",
    "fullName": "Amit Sinha",
    "title": "Super Kings",
    "organization": "",
    "isGroup": false,
    "directGroupIds": [
      "vkkhDNxYiUyp2Bo9O3Z0OQ",
      "5mVJsLupH1mPihrcssjcOQ",
      "4W_mRTK-WEax6phz9uXBbw",
      "XWUPfzYBr0y3r4Wo04-mZQ",
      "VnWQqj05ok-BIeiTJBC_PQ",
      "FPsz-pb7LUilI64NacGqPw",
      "KDHn-l8T20yUjahRHwOWPg"
    ],
    "thumbnailId": "db12f2d0-9891-4178-bbe6-90726eee4065",
    "thumbnailUrl": "https://download-qa01.seismic-dev.com/api/image/v1/tmpurl/images?t=readinesscoachingqa&c=readinesscoachingqa&id=db12f2d0-9891-4178-bbe6-90726eee4065&requestsize=Small&et=29052857&isfullcontainername=True&sig=lfcztgB1b88ABkNUqgYdauJaag2y%2F5As6FiwFLNNOME%3D"
  },
  {
    "id": "DyqmmU2R4U6IGFa8Pjrphg",
    "legacyId": "99a62a0f-914d-4ee1-8818-56bc3e3ae986",
    "username": "shelar",
    "email": "aamruta.shelar@prorigosoftware.com",
    "firstName": "Amruta",
    "lastName": "Biz",
    "fullName": "Amruta Biz",
    "title": "Software Enginner",
    "organization": "",
    "isGroup": false,
    "directGroupIds": ["g_GhZYYRcUibmFZEmLfBzw", "VnWQqj05ok-BIeiTJBC_PQ"]
  },
  {
    "id": "qu_CFoiEYkWNRn28NfLmNg",
    "legacyId": "16c2efaa-8488-4562-8d46-7dbc35f2e636",
    "username": "irene",
    "email": "asinha+u4@seismic.com",
    "firstName": "Irene",
    "lastName": "Graham",
    "fullName": "Irene Graham",
    "title": "Account Executive II",
    "organization": "Sales Engineering",
    "isGroup": false,
    "directGroupIds": [
      "4W_mRTK-WEax6phz9uXBbw",
      "g_GhZYYRcUibmFZEmLfBzw",
      "439qmNtooUWXMlks9hf6Zw"
    ],
    "thumbnailId": "8d35cd4b-fde7-45d1-b452-e855ac68805c",
    "thumbnailUrl": "https://download-qa01.seismic-dev.com/api/image/v1/tmpurl/images?t=readinesscoachingqa&c=readinesscoachingqa&id=8d35cd4b-fde7-45d1-b452-e855ac68805c&requestsize=Small&et=29052857&isfullcontainername=True&sig=%2BjI2%2BYRKIBX%2F9m3X4bepZkw3ZCaWZT7d1MFjpi3EBNY%3D"
  },
  {
    "id": "QCd7B03s6UiEXnKCgwsmDQ",
    "legacyId": "077b2740-ec4d-48e9-845e-7282830b260d",
    "username": "Satish",
    "email": "satish.nikam@seismic.com",
    "firstName": "satish",
    "lastName": "Nikam",
    "fullName": "satish Nikam",
    "title": "",
    "organization": "",
    "isGroup": false,
    "directGroupIds": [
      "5mVJsLupH1mPihrcssjcOQ",
      "HzhcRG6CR_UXggs3fsm4Rw",
      "439qmNtooUWXMlks9hf6Zw",
      "JltW6f59B0aMLml9ON3SKA",
      "DmpA-XUWCqNaAyyPFU7jXA"
    ]
  },
  {
    "id": "r5DM7ruqpU2122nXooD79A",
    "legacyId": "eecc90af-aabb-4da5-b5db-69d7a280fbf4",
    "username": "Vinay",
    "email": "vinay.kamireddy@seismic.com",
    "firstName": "Vinay",
    "lastName": "kamireddy",
    "fullName": "Vinay kamireddy",
    "title": "",
    "organization": "",
    "isGroup": false,
    "directGroupIds": ["VnWQqj05ok-BIeiTJBC_PQ", "439qmNtooUWXMlks9hf6Zw"]
  }
]
