[
  {
    "id": "wvTpOde9skq8cbLFwlvZSQ",
    "legacyId": "39e9f4c2-bdd7-4ab2-bc71-b2c5c25bd949",
    "username": "mayuri",
    "email": "mayuri.more@seismic.com",
    "firstName": "aaa mayuri",
    "lastName": "more",
    "fullName": "aaa mayuri more",
    "title": "",
    "organization": "Go to market - Sales",
    "directGroupIds": [
      "vkkhDNxYiUyp2Bo9O3Z0OQ",
      "5mVJsLupH1mPihrcssjcOQ",
      "qO13JyoFMk-PPAqeTH6Aqg",
      "VnWQqj05ok-BIeiTJBC_PQ",
      "JltW6f59B0aMLml9ON3SKA"
    ]
  },
  {
    "id": "sVFASOgnzEWVpRaYUaAxPA",
    "legacyId": "484051b1-27e8-45cc-95a5-169851a0313c",
    "username": "akulkarni",
    "email": "asinha+adk@seismic.com",
    "firstName": "Aditya",
    "lastName": "Kulkarni",
    "fullName": "Aditya Kulkarni",
    "title": "Super Kings",
    "organization": "",
    "directGroupIds": [
      "4W_mRTK-WEax6phz9uXBbw",
      "439qmNtooUWXMlks9hf6Zw",
      "j5v6oOu2u0GWhFm4lFaHHw",
      "VnWQqj05ok-BIeiTJBC_PQ",
      "FPsz-pb7LUilI64NacGqPw"
    ],
    "thumbnailId": "a7bd99df-c6e8-4ee7-ae44-0bd0c76bd198",
    "thumbnailUrl": "https://download-qa01.seismic-dev.com/api/image/v1/tmpurl/images?t=readinesscoachingqa&c=readinesscoachingqa&id=a7bd99df-c6e8-4ee7-ae44-0bd0c76bd198&requestsize=Small&et=29052857&isfullcontainername=True&sig=1ZCnCYrt6acu0NcpkMNm9dgeDJ8cTD9FkS8IzaWC2z8%3D"
  },
  {
    "id": "QTxgnfPEP0WHU1pZbSosYg",
    "legacyId": "9d603c41-c4f3-453f-8753-5a596d2a2c62",
    "username": "amrutas",
    "email": "ashelar@seismic.com",
    "firstName": "Amruta",
    "lastName": "Shelar",
    "fullName": "Amruta Shelar",
    "title": "Sales Engineer",
    "organization": "",
    "directGroupIds": [
      "4W_mRTK-WEax6phz9uXBbw",
      "g_GhZYYRcUibmFZEmLfBzw",
      "439qmNtooUWXMlks9hf6Zw"
    ],
    "thumbnailId": "bcd64f82-78a6-4d87-a60a-6390f88f8a71",
    "thumbnailUrl": "https://download-qa01.seismic-dev.com/api/image/v1/tmpurl/images?t=readinesscoachingqa&c=readinesscoachingqa&id=bcd64f82-78a6-4d87-a60a-6390f88f8a71&requestsize=Small&et=29052857&isfullcontainername=True&sig=RSXRXn0UMstuyN46jSTlkxLIq812re7InZFbP9a%2Fqwk%3D"
  },
  {
    "id": "n2YX45YM1EKiiGT66NWwoQ",
    "legacyId": "e317669f-0c96-42d4-a288-64fae8d5b0a1",
    "username": "ashelar",
    "email": "amruta.shelar@prorigosoftware.com",
    "firstName": "Amruta",
    "lastName": "Shelar",
    "fullName": "Amruta Shelar",
    "title": "Sales Engineer",
    "organization": "Marketing",
    "directGroupIds": [
      "4W_mRTK-WEax6phz9uXBbw",
      "g_GhZYYRcUibmFZEmLfBzw",
      "439qmNtooUWXMlks9hf6Zw"
    ],
    "thumbnailId": "eb3b8138-a1fe-487c-95ad-baa68950fe4e",
    "thumbnailUrl": "https://download-qa01.seismic-dev.com/api/image/v1/tmpurl/images?t=readinesscoachingqa&c=readinesscoachingqa&id=eb3b8138-a1fe-487c-95ad-baa68950fe4e&requestsize=Small&et=29052857&isfullcontainername=True&sig=3zIL3tfz7VMM9ljU60QCK17RGaVZSwgapJXXYM9JBc4%3D"
  },
  {
    "id": "cprutHJ9vEOZhrLuBVVQ7A",
    "legacyId": "b4ee9a72-7d72-43bc-9986-b2ee055550ec",
    "username": "qesrt",
    "email": "jbogart@seismic.com",
    "firstName": "Automation",
    "lastName": "User",
    "fullName": "Automation User",
    "title": "",
    "organization": "",
    "directGroupIds": [
      "5mVJsLupH1mPihrcssjcOQ",
      "VnWQqj05ok-BIeiTJBC_PQ",
      "439qmNtooUWXMlks9hf6Zw"
    ]
  },
  {
    "id": "phPVF-MBE0G5ppYJDCkRsA",
    "legacyId": "17d513a6-01e3-4113-b9a6-96090c2911b0",
    "username": "bmoody@seismic.com",
    "email": "bmoody@seismic.com",
    "firstName": "Blake",
    "lastName": "Moody",
    "fullName": "Blake Moody",
    "title": "",
    "organization": "",
    "directGroupIds": [
      "5mVJsLupH1mPihrcssjcOQ",
      "439qmNtooUWXMlks9hf6Zw",
      "VnWQqj05ok-BIeiTJBC_PQ"
    ]
  },
  {
    "id": "3zAYEsJrKkiLW_CzS2JDtA",
    "legacyId": "121830df-6bc2-482a-8b5b-f0b34b6243b4",
    "username": "bhiatt@seismic.com",
    "email": "bhiatt@seismic.com",
    "firstName": "Bobby",
    "lastName": "Hiatt",
    "fullName": "Bobby Hiatt",
    "title": "",
    "organization": "",
    "directGroupIds": [
      "5mVJsLupH1mPihrcssjcOQ",
      "439qmNtooUWXMlks9hf6Zw",
      "VnWQqj05ok-BIeiTJBC_PQ"
    ]
  },
  {
    "id": "pMQSYi5LZUGMpJq6O57Pmg",
    "legacyId": "6212c4a4-4b2e-4165-8ca4-9aba3b9ecf9a",
    "username": "claudia",
    "email": "asinha+u3@seismic.com",
    "firstName": "Claudia",
    "lastName": "Constance",
    "fullName": "Claudia Constance",
    "title": "Account Executive I",
    "organization": "Sales Engineering",
    "directGroupIds": [
      "4W_mRTK-WEax6phz9uXBbw",
      "g_GhZYYRcUibmFZEmLfBzw",
      "439qmNtooUWXMlks9hf6Zw"
    ],
    "thumbnailId": "13efa613-9d07-414e-9c12-5db04155774b",
    "thumbnailUrl": "https://download-qa01.seismic-dev.com/api/image/v1/tmpurl/images?t=readinesscoachingqa&c=readinesscoachingqa&id=13efa613-9d07-414e-9c12-5db04155774b&requestsize=Small&et=29052857&isfullcontainername=True&sig=mpZ8whhXp6n0JPAlivtnVwwqpwTFKED0P%2FscsxCT9b8%3D"
  },
  {
    "id": "XKm7wYmsbkWCQWsQjoJ9BQ",
    "legacyId": "c1bba95c-ac89-456e-8241-6b108e827d05",
    "username": "crieke@seismic.com",
    "email": "crieke@seismic.com",
    "firstName": "Connor",
    "lastName": "Rieke",
    "fullName": "Connor Rieke",
    "title": "",
    "organization": "",
    "directGroupIds": [
      "5mVJsLupH1mPihrcssjcOQ",
      "439qmNtooUWXMlks9hf6Zw",
      "VnWQqj05ok-BIeiTJBC_PQ"
    ]
  },
  {
    "id": "Mx9OH-PXyUGCqSdTbqtiTg",
    "legacyId": "1f4e1f33-d7e3-41c9-82a9-27536eab624e",
    "username": "egravlin@seismic.com",
    "email": "egravlin@seismic.com",
    "firstName": "Eric",
    "lastName": "Gravlin",
    "fullName": "Eric Gravlin",
    "title": "",
    "organization": "",
    "directGroupIds": ["5mVJsLupH1mPihrcssjcOQ", "VnWQqj05ok-BIeiTJBC_PQ"]
  },
  {
    "id": "IbYoS7VFoU-d4TZILlxT9w",
    "legacyId": "4b28b621-45b5-4fa1-9de1-36482e5c53f7",
    "username": "ewible@seismic.com",
    "email": "ewible@seismic.com",
    "firstName": "Evan",
    "lastName": "Wible",
    "fullName": "Evan Wible",
    "title": "",
    "organization": "",
    "directGroupIds": ["VnWQqj05ok-BIeiTJBC_PQ"]
  },
  {
    "id": "0EYMVkYg_kGcIlWY4bKuoA",
    "legacyId": "560c46d0-2046-41fe-9c22-5598e1b2aea0",
    "username": "fferrari",
    "email": "fferrari@seismic.com",
    "firstName": "Francesco",
    "lastName": "Ferrari",
    "fullName": "Francesco Ferrari",
    "title": "",
    "organization": "",
    "directGroupIds": ["5mVJsLupH1mPihrcssjcOQ", "VnWQqj05ok-BIeiTJBC_PQ"]
  },
  {
    "id": "h38RRwkg0a6ioNfi-MiPEQ",
    "legacyId": "47117f87-2009-aed1-a2a0-d7e2f8c88f11",
    "username": "Fuser",
    "email": "automationtester1@silvertower.biz",
    "firstName": "Fuser",
    "lastName": "",
    "fullName": "Fuser",
    "title": "test2",
    "organization": "",
    "directGroupIds": [
      "5mVJsLupH1mPihrcssjcOQ",
      "7I_HNSaWT0meuWuT47DX_Q",
      "HzhcRG6CR_UXggs3fsm4Rw",
      "439qmNtooUWXMlks9hf6Zw",
      "j4vcwxSlaUaikMcekrWcsg",
      "FPsz-pb7LUilI64NacGqPw"
    ]
  },
  {
    "id": "huDNR9aFZEyhESFYc9OBHw",
    "legacyId": "47cde086-85d6-4c64-a111-215873d3811f",
    "username": "jkim",
    "email": "jkim@seismic.com",
    "firstName": "Jin Hyoung",
    "lastName": "Kim",
    "fullName": "Jin Hyoung Kim",
    "title": "",
    "organization": "",
    "directGroupIds": ["5mVJsLupH1mPihrcssjcOQ", "VnWQqj05ok-BIeiTJBC_PQ"]
  },
  {
    "id": "XM3S1P5JJkeOP2WqjSZIXw",
    "legacyId": "d4d2cd5c-49fe-4726-8e3f-65aa8d26485f",
    "username": "msmith@seismic.com",
    "email": "msmith@seismic.com",
    "firstName": "Mark",
    "lastName": "Smith",
    "fullName": "Mark Smith",
    "title": "",
    "organization": "",
    "directGroupIds": ["439qmNtooUWXMlks9hf6Zw", "VnWQqj05ok-BIeiTJBC_PQ"]
  },
  {
    "id": "LeiDBYBfiUChqFoBqpjH7A",
    "legacyId": "0583e82d-5f80-4089-a1a8-5a01aa98c7ec",
    "username": "mkeller@seismic.com",
    "email": "mkeller@seismic.com",
    "firstName": "Matt",
    "lastName": "Keller",
    "fullName": "Matt Keller",
    "title": "",
    "organization": "",
    "directGroupIds": [
      "5mVJsLupH1mPihrcssjcOQ",
      "439qmNtooUWXMlks9hf6Zw",
      "VnWQqj05ok-BIeiTJBC_PQ"
    ]
  },
  {
    "id": "-TfLGE0tykO431MMjdc-WA",
    "legacyId": "18cb37f9-2d4d-43ca-b8df-530c8dd73e58",
    "username": "megan",
    "email": "asinha+u5@seismic.com",
    "firstName": "Megan",
    "lastName": "Roland",
    "fullName": "Megan Roland",
    "title": "Account Executive I",
    "organization": "Sales Engineering",
    "directGroupIds": [
      "4W_mRTK-WEax6phz9uXBbw",
      "g_GhZYYRcUibmFZEmLfBzw",
      "439qmNtooUWXMlks9hf6Zw"
    ],
    "thumbnailId": "be787c4e-5dac-425c-b7b3-9c5ceade9e90",
    "thumbnailUrl": "https://download-qa01.seismic-dev.com/api/image/v1/tmpurl/images?t=readinesscoachingqa&c=readinesscoachingqa&id=be787c4e-5dac-425c-b7b3-9c5ceade9e90&requestsize=Small&et=29052857&isfullcontainername=True&sig=WsuLHk4NgrCIn81c95XzYZVoM7HSv%2BkilxH79Uz9P4Y%3D"
  },
  {
    "id": "oXMB7bs6VEiRvZIJ4D4tMQ",
    "legacyId": "ed0173a1-3abb-4854-91bd-9209e03e2d31",
    "username": "Pratik Rathi",
    "email": "prathi@seismic.com",
    "firstName": "Pratik",
    "lastName": "Rathi",
    "fullName": "Pratik Rathi",
    "title": "Super Kings",
    "organization": "",
    "directGroupIds": [
      "4W_mRTK-WEax6phz9uXBbw",
      "Xc4loGTORU-4SIcFNRjJDw",
      "VnWQqj05ok-BIeiTJBC_PQ"
    ],
    "thumbnailId": "72238a90-6a9f-4200-b392-8833de168bb9",
    "thumbnailUrl": "https://download-qa01.seismic-dev.com/api/image/v1/tmpurl/images?t=readinesscoachingqa&c=readinesscoachingqa&id=72238a90-6a9f-4200-b392-8833de168bb9&requestsize=Small&et=29052857&isfullcontainername=True&sig=DZQosQG55BQKm2rPDW%2BQbUK79P9xpINS91NvS4SoSgw%3D"
  },
  {
    "id": "zJrkpjgTk0KP-Lv3cA_Mqw",
    "legacyId": "a6e49acc-1338-4293-8ff8-bbf7700fccab",
    "username": "priyal",
    "email": "preja@seismic.com",
    "firstName": "Priyal",
    "lastName": "Reja",
    "fullName": "Priyal Reja",
    "title": "Super Kings",
    "organization": "",
    "directGroupIds": [
      "4W_mRTK-WEax6phz9uXBbw",
      "439qmNtooUWXMlks9hf6Zw",
      "9Laz9R2EWUqaVgj3j7Nowg"
    ]
  },
  {
    "id": "7bwscd_G3Ua6dMdva0osZg",
    "legacyId": "712cbced-c6df-46dd-ba74-c76f6b4a2c66",
    "username": "ravis",
    "email": "rsahu@seismic.com",
    "firstName": "Ravi",
    "lastName": "Sahu",
    "fullName": "Ravi Sahu",
    "title": "Super Kings",
    "organization": "Sales Manager",
    "directGroupIds": [
      "vkkhDNxYiUyp2Bo9O3Z0OQ",
      "4W_mRTK-WEax6phz9uXBbw",
      "XWUPfzYBr0y3r4Wo04-mZQ",
      "j5v6oOu2u0GWhFm4lFaHHw",
      "VnWQqj05ok-BIeiTJBC_PQ"
    ],
    "thumbnailId": "07036029-43de-4243-8feb-161f36de1d07",
    "thumbnailUrl": "https://download-qa01.seismic-dev.com/api/image/v1/tmpurl/images?t=readinesscoachingqa&c=readinesscoachingqa&id=07036029-43de-4243-8feb-161f36de1d07&requestsize=Small&et=29052857&isfullcontainername=True&sig=mPG4wHzYpultwAA33epuEKUFYMIkRnrHyEh5EkFhxl8%3D"
  },
  {
    "id": "rqqfS5GYI06duTIJSN0Ihw",
    "legacyId": "4b9faaae-9891-4e23-9db9-320948dd0887",
    "username": "rshah",
    "email": "rshah@seismic.com",
    "firstName": "Riddhesh",
    "lastName": "Shah",
    "fullName": "Riddhesh Shah",
    "title": "",
    "organization": "",
    "directGroupIds": ["5mVJsLupH1mPihrcssjcOQ", "VnWQqj05ok-BIeiTJBC_PQ"]
  },
  {
    "id": "V54nXn_cWUK3UPnb2Mht0A",
    "legacyId": "5e279e57-dc7f-4259-b750-f9dbd8c86dd0",
    "username": "sarah",
    "email": "asinha+u2@seismic.com",
    "firstName": "Sarah",
    "lastName": "Lee",
    "fullName": "Sarah Lee",
    "title": "Account Executive I",
    "organization": "Sales & Marketing",
    "directGroupIds": [
      "4W_mRTK-WEax6phz9uXBbw",
      "g_GhZYYRcUibmFZEmLfBzw",
      "439qmNtooUWXMlks9hf6Zw"
    ],
    "thumbnailId": "20150da9-e7ba-4450-92a9-2c35f21753f9",
    "thumbnailUrl": "https://download-qa01.seismic-dev.com/api/image/v1/tmpurl/images?t=readinesscoachingqa&c=readinesscoachingqa&id=20150da9-e7ba-4450-92a9-2c35f21753f9&requestsize=Small&et=29052857&isfullcontainername=True&sig=w42GIX9ikm4S16X9%2BJm%2Ft3zXXEl3CfNcWnckKfLGACw%3D"
  },
  {
    "id": "ZplMGRCYBkGhgWNDlxV99A",
    "legacyId": "194c9966-9810-4106-a181-634397157df4",
    "username": "spawar",
    "email": "spawar@seismic.com",
    "firstName": "Shubham",
    "lastName": "Pawar",
    "fullName": "Shubham Pawar",
    "title": "Super Kings",
    "organization": "",
    "directGroupIds": [
      "5mVJsLupH1mPihrcssjcOQ",
      "4W_mRTK-WEax6phz9uXBbw",
      "439qmNtooUWXMlks9hf6Zw",
      "j5v6oOu2u0GWhFm4lFaHHw"
    ],
    "thumbnailId": "b25557bf-1442-48fe-9aef-91fa66edbc68",
    "thumbnailUrl": "https://download-qa01.seismic-dev.com/api/image/v1/tmpurl/images?t=readinesscoachingqa&c=readinesscoachingqa&id=b25557bf-1442-48fe-9aef-91fa66edbc68&requestsize=Small&et=29052857&isfullcontainername=True&sig=NeLWs7cUzon4CKI4rFvTXx4wwpgbzMJWJcbSY1LDFyw%3D"
  },
  {
    "id": "dp1KFU_nyUu5s5kA8T5R_g",
    "legacyId": "154a9d76-e74f-4bc9-b9b3-9900f13e51fe",
    "username": "stodtenkopf@seismic.com",
    "email": "stodtenkopf@seismic.com",
    "firstName": "Stella",
    "lastName": "Todtenkopf",
    "fullName": "Stella Todtenkopf",
    "title": "",
    "organization": "",
    "directGroupIds": [
      "VnWQqj05ok-BIeiTJBC_PQ",
      "439qmNtooUWXMlks9hf6Zw",
      "5mVJsLupH1mPihrcssjcOQ"
    ]
  },
  {
    "id": "3PhYQFx72kGg6MaZ8sSHOw",
    "legacyId": "4058f8dc-7b5c-41da-a0e8-c699f2c4873b",
    "username": "tgalvin",
    "email": "tgalvin@seismic.com",
    "firstName": "Thomas",
    "lastName": "Galvin",
    "fullName": "Thomas Galvin",
    "title": "",
    "organization": "",
    "directGroupIds": ["5mVJsLupH1mPihrcssjcOQ", "VnWQqj05ok-BIeiTJBC_PQ"]
  },
  {
    "id": "3x0OD9-nh0aRwR7u3PW1Mw",
    "legacyId": "0f0e1ddf-a7df-4687-91c1-1eeedcf5b533",
    "username": "vaibhavghule",
    "email": "vaibhav.ghule@prorigosoftware.com",
    "firstName": "vaibhav",
    "lastName": "ghule",
    "fullName": "vaibhav ghule",
    "title": "",
    "organization": "",
    "directGroupIds": ["439qmNtooUWXMlks9hf6Zw", "VnWQqj05ok-BIeiTJBC_PQ"]
  },
  {
    "id": "QaQTo1l4iEOz6-0t8FEOsw",
    "legacyId": "a313a441-7859-4388-b3eb-ed2df0510eb3",
    "username": "vghule",
    "email": "vaibhav.ghule@seismic.com",
    "firstName": "Vaibhav",
    "lastName": "Ghule",
    "fullName": "Vaibhav Ghule",
    "title": "Assistant Manager",
    "organization": "Marketing",
    "directGroupIds": [
      "4W_mRTK-WEax6phz9uXBbw",
      "g_GhZYYRcUibmFZEmLfBzw",
      "439qmNtooUWXMlks9hf6Zw",
      "VnWQqj05ok-BIeiTJBC_PQ"
    ],
    "thumbnailId": "210a4daf-e0d2-4a76-bdd7-f30d303090cf",
    "thumbnailUrl": "https://download-qa01.seismic-dev.com/api/image/v1/tmpurl/images?t=readinesscoachingqa&c=readinesscoachingqa&id=210a4daf-e0d2-4a76-bdd7-f30d303090cf&requestsize=Small&et=29052857&isfullcontainername=True&sig=GLKtYkQX5YA97RmISST%2F6qkE%2BgSgG8cs7t1ZbvguIbM%3D"
  },
  {
    "id": "HEmGaxceykiwvBnL_vf3Lg",
    "legacyId": "6b86491c-1e17-48ca-b0bc-19cbfef7f72e",
    "username": "yliu@seismic.com",
    "email": "yliu@seismic.com",
    "firstName": "Yinyin",
    "lastName": "Liu",
    "fullName": "Yinyin Liu",
    "title": "",
    "organization": "",
    "directGroupIds": [
      "5mVJsLupH1mPihrcssjcOQ",
      "439qmNtooUWXMlks9hf6Zw",
      "VnWQqj05ok-BIeiTJBC_PQ",
      "j4vcwxSlaUaikMcekrWcsg",
      "FPsz-pb7LUilI64NacGqPw"
    ]
  }
]
